timestamp,currentSpeed,freeFlowSpeed,currentTravelTime,freeFlowTravelTime,confidence,roadClosure,speed_ratio,delay_seconds,congestion_label
2026-04-07 17:37:59,30,30,73,73,1.0,False,,,
2026-04-07 17:46:58,30,30,73,73,1.0,False,,,
2026-04-07 17:47:44,24,29,91,75,1.0,False,,,
2026-04-07 17:48:08,30,30,73,73,1.0,False,,,
2026-04-07 17:49:05,30,30,73,73,1.0,False,,,
2026-04-07 20:24:39,25,35,696,497,,False,,,
2026-04-07 20:27:41,24,34,726,512,,False,,,
2026-04-07 21:11:18,26,34,670,512,,False,,,
2026-04-07 21:54:47,34,34,512,512,,False,,,
2026-04-07 21:55:29,27,34,645,512,,False,,,
2026-04-07 21:56:40,28,34,622,512,,False,,,
2026-04-07 21:56:46,28,34,622,512,,False,,,
2026-04-07 21:56:55,34,34,512,512,,False,,,
2026-04-07 22:09:24,34,34,512,512,,False,,,
2026-04-08 11:33:55,27,34,645,512,,False,,,
2026-04-08 14:04:28,27,35,645,497,,False,,,
2026-04-16 00:33:38,34,34,512,512,,False,,,
2026-04-16 00:33:39,34,34,512,512,,False,,,
2026-04-16 00:33:47,34,34,512,512,,False,,,
2026-04-16 00:36:24,34,34,512,512,,False,,,
2026-04-21 15:50:54,26,34,670,512,,False,,,
2026-04-22 10:12:56,26,34,670,512,,False,,,
2026-04-27 14:32:22,28,35,622,497,,False,,,
2026-04-27 14:34:09,27,35,645,497,,False,,,
2026-04-30 01:15:49,34,34,512,512,,False,1.0,0.0,Low
2026-04-30 01:20:50,34,34,512,512,,False,1.0,0.0,Low
2026-04-30 01:25:52,34,34,512,512,,False,1.0,0.0,Low
2026-04-30 01:30:53,34,34,512,512,,False,1.0,0.0,Low
2026-04-30 01:35:55,34,34,512,512,,False,1.0,0.0,Low
2026-04-30 01:40:56,34,34,512,512,,False,1.0,0.0,Low
2026-04-30 01:45:58,34,34,512,512,,False,1.0,0.0,Low
2026-04-29 21:04:01,34,34,512,512,False,1.0,0,Low
2026-04-29 21:41:38,34,34,512,512,False,1.0,0,Low
2026-04-29 22:38:54,34,34,512,512,False,1.0,0,Low
2026-04-29 23:36:07,34,34,512,512,False,1.0,0,Low
2026-04-30 01:21:22,34,34,512,512,False,1.0,0,Low
2026-04-30 04:47:22,26,35,670,497,False,0.7429,173,Low
2026-04-30 07:17:49,25,34,696,512,False,0.7353,184,Low
2026-04-30 09:31:08,25,34,696,512,False,0.7353,184,Low
2026-04-30 11:16:34,23,34,757,512,False,0.6765,245,Medium
2026-04-30 12:58:16,26,35,670,497,False,0.7429,173,Low
2026-04-30 15:14:25,23,34,757,512,False,0.6765,245,Medium
2026-04-30 16:49:52,30,34,580,512,False,0.8824,68,Low
2026-04-30 18:00:33,34,34,512,512,False,1.0,0,Low
2026-04-30 19:45:45,34,34,512,512,False,1.0,0,Low
2026-04-30 20:45:23,34,34,512,512,False,1.0,0,Low
2026-04-30 21:42:11,34,34,512,512,False,1.0,0,Low
2026-04-30 22:36:10,34,34,512,512,False,1.0,0,Low
2026-04-30 23:33:22,34,34,512,512,False,1.0,0,Low
2026-05-01 01:24:40,34,34,512,512,False,1.0,0,Low
2026-05-01 05:04:56,27,34,645,512,False,0.7941,133,Low
2026-05-01 07:34:41,27,34,645,512,False,0.7941,133,Low
2026-05-01 09:19:22,24,34,726,512,False,0.7059,214,Low
2026-05-01 10:49:07,27,35,645,497,False,0.7714,148,Low
2026-05-01 11:47:19,26,34,670,512,False,0.7647,158,Low
2026-05-01 12:44:44,24,34,726,512,False,0.7059,214,Low
2026-05-01 14:09:05,23,34,757,512,False,0.6765,245,Medium
2026-05-01 15:14:27,27,34,645,512,False,0.7941,133,Low
2026-05-01 16:12:48,28,34,622,512,False,0.8235,110,Low
2026-05-01 17:14:56,34,34,512,512,False,1.0,0,Low
2026-05-01 18:13:23,34,34,512,512,False,1.0,0,Low
2026-05-01 19:40:47,34,34,512,512,False,1.0,0,Low
2026-05-01 20:34:07,34,34,512,512,False,1.0,0,Low
2026-05-01 21:31:17,34,34,512,512,False,1.0,0,Low
2026-05-01 22:28:40,34,34,512,512,False,1.0,0,Low
2026-05-01 23:29:11,34,34,512,512,False,1.0,0,Low
2026-05-02 01:12:49,34,34,512,512,False,1.0,0,Low
2026-05-02 04:28:28,34,34,512,512,False,1.0,0,Low
2026-05-02 06:26:03,26,35,670,497,False,0.7429,173,Low
2026-05-02 08:07:31,21,35,829,497,False,0.6,332,Medium
2026-05-02 09:19:31,27,35,645,497,False,0.7714,148,Low
2026-05-02 10:14:23,23,34,757,512,False,0.6765,245,Medium
2026-05-02 11:08:35,23,34,757,512,False,0.6765,245,Medium
2026-05-02 11:58:11,23,34,757,512,False,0.6765,245,Medium
2026-05-02 13:23:45,21,34,829,512,False,0.6176,317,Medium
2026-05-02 14:28:46,19,34,917,512,False,0.5588,405,Medium
2026-05-02 15:24:20,26,35,670,497,False,0.7429,173,Low
2026-05-02 16:07:49,25,34,696,512,False,0.7353,184,Low
2026-05-02 17:05:12,30,35,580,497,False,0.8571,83,Low
2026-05-02 17:59:46,34,34,512,512,False,1.0,0,Low
2026-05-02 19:13:06,34,34,512,512,False,1.0,0,Low
2026-05-02 20:00:16,34,34,512,512,False,1.0,0,Low
2026-05-03 03:45:55,34,34,512,512,False,1.0,0,Low
2026-05-03 06:18:06,27,34,645,512,False,0.7941,133,Low
2026-05-03 08:17:27,26,34,670,512,False,0.7647,158,Low
2026-05-03 09:41:28,24,33,726,528,False,0.7273,198,Low
2026-05-03 10:37:25,25,33,696,528,False,0.7576,168,Low
2026-05-03 11:24:58,27,34,645,512,False,0.7941,133,Low
2026-05-03 12:05:35,26,34,670,512,False,0.7647,158,Low
2026-05-03 13:45:13,23,35,757,497,False,0.6571,260,Medium
2026-05-03 14:36:38,23,34,757,512,False,0.6765,245,Medium
2026-05-03 15:27:32,19,34,917,512,False,0.5588,405,Medium
2026-05-03 16:10:20,27,36,645,484,False,0.75,161,Low
2026-05-03 17:07:39,34,34,512,512,False,1.0,0,Low
2026-05-03 18:01:25,34,34,512,512,False,1.0,0,Low
2026-05-03 19:13:23,34,34,512,512,False,1.0,0,Low
2026-05-03 20:00:51,34,34,512,512,False,1.0,0,Low
2026-05-03 20:56:59,34,34,512,512,False,1.0,0,Low
2026-05-03 21:44:32,34,34,512,512,False,1.0,0,Low
2026-05-03 22:25:19,34,34,512,512,False,1.0,0,Low
2026-05-03 23:10:20,34,34,512,512,False,1.0,0,Low
2026-05-04 00:03:07,34,34,512,512,False,1.0,0,Low
2026-05-04 04:03:22,26,34,670,512,False,0.7647,158,Low
2026-05-04 06:49:59,28,35,622,497,False,0.8,125,Low
2026-05-04 09:09:20,26,34,670,512,False,0.7647,158,Low
2026-05-04 11:17:56,24,33,726,528,False,0.7273,198,Low
2026-05-04 12:59:40,25,35,696,497,False,0.7143,199,Low
2026-05-04 15:14:47,27,35,645,497,False,0.7714,148,Low
2026-05-04 17:02:47,34,34,512,512,False,1.0,0,Low
2026-05-04 18:25:41,34,34,512,512,False,1.0,0,Low
2026-05-04 20:02:20,34,34,512,512,False,1.0,0,Low
2026-05-04 21:16:51,34,34,512,512,False,1.0,0,Low
2026-05-04 22:17:01,34,34,512,512,False,1.0,0,Low
2026-05-04 23:13:39,34,34,512,512,False,1.0,0,Low
2026-05-05 00:10:00,34,34,512,512,False,1.0,0,Low
2026-05-05 03:49:48,34,34,512,512,False,1.0,0,Low
2026-05-05 06:07:59,34,34,512,512,False,1.0,0,Low
2026-05-05 08:26:48,27,33,645,528,False,0.8182,117,Low
2026-05-05 10:18:29,28,35,622,497,False,0.8,125,Low
2026-05-05 11:43:31,24,34,726,512,False,0.7059,214,Low
2026-05-05 12:58:06,21,34,829,512,False,0.6176,317,Medium
2026-05-05 16:56:41,34,34,512,512,False,1.0,0,Low
2026-05-05 18:11:32,34,34,512,512,False,1.0,0,Low
2026-05-05 19:52:45,34,34,512,512,False,1.0,0,Low
2026-05-05 20:54:00,34,34,512,512,False,1.0,0,Low
2026-05-05 21:56:57,34,34,512,512,False,1.0,0,Low
2026-05-05 22:57:27,34,34,512,512,False,1.0,0,Low
2026-05-05 23:51:49,34,34,512,512,False,1.0,0,Low
2026-05-06 01:27:49,34,34,512,512,False,1.0,0,Low
2026-05-06 04:57:10,29,36,600,484,False,0.8056,116,Low
2026-05-06 07:36:15,26,35,670,497,False,0.7429,173,Low
2026-05-06 10:01:26,27,35,645,497,False,0.7714,148,Low
2026-05-06 11:59:09,24,35,726,497,False,0.6857,229,Medium
2026-05-06 14:34:29,20,34,871,512,False,0.5882,359,Medium
2026-05-06 16:16:10,27,34,645,512,False,0.7941,133,Low
2026-05-06 17:54:21,34,34,512,512,False,1.0,0,Low
2026-05-06 19:29:53,34,34,512,512,False,1.0,0,Low
2026-05-06 20:54:01,34,34,512,512,False,1.0,0,Low
2026-05-06 21:52:32,34,34,512,512,False,1.0,0,Low
2026-05-06 22:39:28,34,34,512,512,False,1.0,0,Low
2026-05-06 23:34:41,34,34,512,512,False,1.0,0,Low
2026-05-07 01:20:59,34,34,512,512,False,1.0,0,Low
2026-05-07 04:47:11,34,34,512,512,False,1.0,0,Low
2026-05-07 07:34:17,25,32,696,544,False,0.7812,152,Low
2026-05-07 10:04:42,29,35,600,497,False,0.8286,103,Low
2026-05-07 12:01:32,21,34,829,512,False,0.6176,317,Medium
2026-05-07 14:42:07,24,35,726,497,False,0.6857,229,Medium
2026-05-07 16:27:53,28,35,622,497,False,0.8,125,Low
2026-05-07 18:08:52,34,34,512,512,False,1.0,0,Low
2026-05-07 19:53:18,34,34,512,512,False,1.0,0,Low
2026-05-07 20:58:56,34,34,512,512,False,1.0,0,Low
2026-05-07 22:08:47,34,34,512,512,False,1.0,0,Low
2026-05-07 23:13:57,34,34,512,512,False,1.0,0,Low
2026-05-08 00:09:09,34,34,512,512,False,1.0,0,Low
2026-05-08 03:52:33,34,34,512,512,False,1.0,0,Low
2026-05-08 05:51:04,27,35,645,497,False,0.7714,148,Low
2026-05-08 07:11:36,28,35,622,497,False,0.8,125,Low
2026-05-08 08:49:28,34,34,512,512,False,1.0,0,Low
2026-05-08 10:12:23,26,35,670,497,False,0.7429,173,Low
2026-05-08 11:46:26,26,35,670,497,False,0.7429,173,Low
2026-05-08 13:00:53,24,35,726,497,False,0.6857,229,Medium
2026-05-08 15:00:37,24,34,726,512,False,0.7059,214,Low
2026-05-08 16:23:35,28,36,622,484,False,0.7778,138,Low
2026-05-08 17:50:29,34,34,512,512,False,1.0,0,Low
2026-05-08 18:59:35,34,34,512,512,False,1.0,0,Low
2026-05-08 20:12:33,34,34,512,512,False,1.0,0,Low
2026-05-08 21:16:51,34,34,512,512,False,1.0,0,Low
2026-05-08 22:14:37,34,34,512,512,False,1.0,0,Low
2026-05-08 23:12:24,34,34,512,512,False,1.0,0,Low
2026-05-09 00:10:45,34,34,512,512,False,1.0,0,Low
2026-05-09 03:55:47,34,34,512,512,False,1.0,0,Low
2026-05-09 06:14:40,30,35,580,497,False,0.8571,83,Low
2026-05-09 08:13:17,27,35,645,497,False,0.7714,148,Low
2026-05-09 09:44:37,27,35,645,497,False,0.7714,148,Low
2026-05-09 10:39:50,25,35,696,497,False,0.7143,199,Low
2026-05-09 11:33:51,26,34,670,512,False,0.7647,158,Low
2026-05-09 12:38:24,24,35,726,497,False,0.6857,229,Medium
2026-05-09 14:04:37,23,34,757,512,False,0.6765,245,Medium
2026-05-09 15:07:39,26,35,670,497,False,0.7429,173,Low
2026-05-09 16:06:17,25,33,696,528,False,0.7576,168,Low
2026-05-09 17:08:58,34,34,512,512,False,1.0,0,Low
2026-05-09 18:04:10,34,34,512,512,False,1.0,0,Low
2026-05-09 19:18:25,34,34,512,512,False,1.0,0,Low
2026-05-09 20:04:50,34,34,512,512,False,1.0,0,Low
2026-05-09 20:59:06,34,34,512,512,False,1.0,0,Low
2026-05-09 21:55:12,34,34,512,512,False,1.0,0,Low
2026-05-09 22:39:56,34,34,512,512,False,1.0,0,Low
2026-05-09 23:30:02,34,34,512,512,False,1.0,0,Low
2026-05-10 01:22:48,34,34,512,512,False,1.0,0,Low
2026-05-10 04:57:48,34,34,512,512,False,1.0,0,Low
2026-05-10 07:27:30,31,35,562,497,False,0.8857,65,Low
2026-05-10 09:13:19,27,34,645,512,False,0.7941,133,Low
2026-05-10 10:39:24,24,34,726,512,False,0.7059,214,Low
2026-05-10 11:33:01,26,35,670,497,False,0.7429,173,Low
2026-05-10 12:36:18,24,33,726,528,False,0.7273,198,Low
2026-05-10 14:04:39,26,34,670,512,False,0.7647,158,Low
2026-05-10 15:08:51,25,34,696,512,False,0.7353,184,Low
2026-05-10 16:07:40,28,34,622,512,False,0.8235,110,Low
2026-05-10 17:10:50,34,34,512,512,False,1.0,0,Low
2026-05-10 18:06:08,34,34,512,512,False,1.0,0,Low
2026-05-10 19:20:18,34,34,512,512,False,1.0,0,Low
2026-05-10 20:06:46,34,34,512,512,False,1.0,0,Low
2026-05-10 21:02:57,34,34,512,512,False,1.0,0,Low
2026-05-10 21:59:13,34,34,512,512,False,1.0,0,Low
2026-05-10 22:57:10,34,34,512,512,False,1.0,0,Low
2026-05-10 23:55:17,34,34,512,512,False,1.0,0,Low
2026-05-11 02:52:39,34,34,512,512,False,1.0,0,Low
2026-05-11 06:28:47,27,35,645,497,False,0.7714,148,Low
2026-05-11 10:07:54,27,34,645,512,False,0.7941,133,Low
2026-05-11 12:49:37,25,34,696,512,False,0.7353,184,Low
2026-05-11 15:50:46,28,36,622,484,False,0.7778,138,Low
2026-05-11 17:46:51,34,34,512,512,False,1.0,0,Low
2026-05-11 19:21:15,34,34,512,512,False,1.0,0,Low
2026-05-11 20:57:03,34,34,512,512,False,1.0,0,Low
2026-05-11 22:09:15,34,34,512,512,False,1.0,0,Low
2026-05-11 23:10:28,34,34,512,512,False,1.0,0,Low
2026-05-12 00:10:04,34,34,512,512,False,1.0,0,Low
2026-05-12 04:04:46,29,34,600,512,False,0.8529,88,Low
2026-05-12 06:46:11,25,35,696,497,False,0.7143,199,Low
2026-05-12 09:26:32,34,34,512,512,False,1.0,0,Low
2026-05-12 11:31:06,26,35,670,497,False,0.7429,173,Low
2026-05-12 13:22:32,22,34,792,512,False,0.6471,280,Medium
2026-05-12 15:56:58,29,35,600,497,False,0.8286,103,Low
2026-05-12 18:01:18,34,34,512,512,False,1.0,0,Low
2026-05-12 20:05:02,34,34,512,512,False,1.0,0,Low
2026-05-12 21:37:39,34,34,512,512,False,1.0,0,Low
2026-05-12 22:44:04,34,34,512,512,False,1.0,0,Low
2026-05-12 23:44:02,34,34,512,512,False,1.0,0,Low
2026-05-13 01:30:17,34,34,512,512,False,1.0,0,Low
2026-05-13 05:30:39,28,36,622,484,False,0.7778,138,Low
2026-05-13 08:17:45,27,33,645,528,False,0.8182,117,Low
2026-05-13 10:46:46,27,35,645,497,False,0.7714,148,Low
2026-05-13 13:04:28,23,35,757,497,False,0.6571,260,Medium
2026-05-13 15:47:43,26,34,670,512,False,0.7647,158,Low
2026-05-13 17:51:36,34,34,512,512,False,1.0,0,Low
2026-05-13 19:26:40,34,34,512,512,False,1.0,0,Low
2026-05-13 21:08:01,34,34,512,512,False,1.0,0,Low
2026-05-13 22:36:56,34,34,512,512,False,1.0,0,Low
2026-05-13 23:40:15,34,34,512,512,False,1.0,0,Low
2026-05-14 01:32:38,34,34,512,512,False,1.0,0,Low
2026-05-14 05:30:17,25,33,696,528,False,0.7576,168,Low
2026-05-14 08:11:15,27,33,645,528,False,0.8182,117,Low
2026-05-14 10:34:14,29,35,600,497,False,0.8286,103,Low
2026-05-14 12:14:30,23,35,757,497,False,0.6571,260,Medium
2026-05-14 14:44:29,25,34,696,512,False,0.7353,184,Low
2026-05-14 16:51:42,34,34,512,512,False,1.0,0,Low
2026-05-14 18:26:51,34,34,512,512,False,1.0,0,Low
2026-05-14 20:14:37,34,34,512,512,False,1.0,0,Low
2026-05-14 21:40:59,34,34,512,512,False,1.0,0,Low
2026-05-14 22:41:14,34,34,512,512,False,1.0,0,Low
2026-05-14 23:37:45,34,34,512,512,False,1.0,0,Low
2026-05-15 01:29:15,34,34,512,512,False,1.0,0,Low
2026-05-15 05:34:40,30,35,580,497,False,0.8571,83,Low
2026-05-15 08:24:20,27,34,645,512,False,0.7941,133,Low
2026-05-15 10:44:20,29,34,600,512,False,0.8529,88,Low
2026-05-15 12:26:22,25,34,696,512,False,0.7353,184,Low
2026-05-15 15:00:33,23,35,757,497,False,0.6571,260,Medium
2026-05-15 16:57:28,34,34,512,512,False,1.0,0,Low
2026-05-15 18:24:03,34,34,512,512,False,1.0,0,Low
2026-05-15 19:59:07,34,34,512,512,False,1.0,0,Low
2026-05-15 21:14:59,34,34,512,512,False,1.0,0,Low
2026-05-15 22:12:58,34,34,512,512,False,1.0,0,Low
2026-05-15 23:12:54,34,34,512,512,False,1.0,0,Low
2026-05-16 00:07:55,34,34,512,512,False,1.0,0,Low
2026-05-16 03:58:44,34,34,512,512,False,1.0,0,Low
2026-05-16 06:27:54,26,34,670,512,False,0.7647,158,Low
2026-05-16 08:23:50,27,35,645,497,False,0.7714,148,Low
2026-05-16 09:54:29,26,34,670,512,False,0.7647,158,Low
2026-05-16 10:59:04,24,35,726,497,False,0.6857,229,Medium
2026-05-16 11:58:06,23,35,757,497,False,0.6571,260,Medium
2026-05-16 13:43:33,23,33,757,528,False,0.697,229,Medium
2026-05-16 14:43:34,26,34,670,512,False,0.7647,158,Low
2026-05-16 15:41:58,29,35,600,497,False,0.8286,103,Low
2026-05-16 16:38:02,27,34,645,512,False,0.7941,133,Low
2026-05-16 17:39:07,34,34,512,512,False,1.0,0,Low
2026-05-16 18:39:10,34,34,512,512,False,1.0,0,Low
2026-05-16 19:46:40,34,34,512,512,False,1.0,0,Low
2026-05-16 20:33:25,34,34,512,512,False,1.0,0,Low
2026-05-16 21:29:38,34,34,512,512,False,1.0,0,Low
2026-05-16 22:25:08,34,34,512,512,False,1.0,0,Low
2026-05-16 23:25:30,34,34,512,512,False,1.0,0,Low
2026-05-17 00:13:49,34,34,512,512,False,1.0,0,Low
2026-05-17 04:34:03,34,34,512,512,False,1.0,0,Low
2026-05-17 07:22:45,27,34,645,512,False,0.7941,133,Low
2026-05-17 09:17:46,34,34,512,512,False,1.0,0,Low
2026-05-17 10:42:56,25,34,696,512,False,0.7353,184,Low
2026-05-17 11:45:28,27,34,645,512,False,0.7941,133,Low
2026-05-17 12:42:47,24,33,726,528,False,0.7273,198,Low
2026-05-17 14:12:26,25,34,696,512,False,0.7353,184,Low
2026-05-17 15:18:07,28,35,622,497,False,0.8,125,Low
2026-05-17 16:16:00,29,34,600,512,False,0.8529,88,Low
2026-05-17 17:18:30,34,34,512,512,False,1.0,0,Low
2026-05-17 18:14:42,34,34,512,512,False,1.0,0,Low
2026-05-17 19:39:07,34,34,512,512,False,1.0,0,Low
2026-05-17 20:29:57,34,34,512,512,False,1.0,0,Low
2026-05-17 21:29:37,34,34,512,512,False,1.0,0,Low
2026-05-17 22:28:16,34,34,512,512,False,1.0,0,Low
2026-05-17 23:31:30,34,34,512,512,False,1.0,0,Low
2026-05-18 01:31:17,34,34,512,512,False,1.0,0,Low
2026-05-18 05:51:20,24,34,726,512,False,0.7059,214,Low
2026-05-18 09:31:53,26,33,670,528,False,0.7879,142,Low
2026-05-18 12:52:28,21,34,829,512,False,0.6176,317,Medium
2026-05-18 16:17:24,22,34,792,512,False,0.6471,280,Medium
2026-05-18 18:14:41,34,34,512,512,False,1.0,0,Low
2026-05-18 20:03:30,34,34,512,512,False,1.0,0,Low
2026-05-18 21:22:21,34,34,512,512,False,1.0,0,Low
2026-05-18 22:30:59,34,34,512,512,False,1.0,0,Low
2026-05-18 23:39:30,34,34,512,512,False,1.0,0,Low
2026-05-19 01:34:05,34,34,512,512,False,1.0,0,Low
2026-05-19 05:48:09,25,34,696,512,False,0.7353,184,Low
2026-05-19 08:50:33,29,36,600,484,False,0.8056,116,Low
2026-05-19 11:50:31,22,34,792,512,False,0.6471,280,Medium
2026-05-19 14:22:17,22,35,792,497,False,0.6286,295,Medium
2026-05-19 17:23:46,34,34,512,512,False,1.0,0,Low
2026-05-19 19:24:55,34,34,512,512,False,1.0,0,Low
2026-05-19 20:58:41,34,34,512,512,False,1.0,0,Low
2026-05-19 22:20:30,34,34,512,512,False,1.0,0,Low
2026-05-19 23:35:59,34,34,512,512,False,1.0,0,Low
2026-05-20 01:34:26,34,34,512,512,False,1.0,0,Low
2026-05-20 05:48:54,23,34,757,512,False,0.6765,245,Medium
2026-05-20 08:46:55,24,34,726,512,False,0.7059,214,Low
2026-05-20 11:37:39,27,35,645,497,False,0.7714,148,Low
2026-05-20 14:16:03,17,33,1024,528,False,0.5152,496,Medium
2026-05-20 17:33:21,34,34,512,512,False,1.0,0,Low
2026-05-20 19:52:20,34,34,512,512,False,1.0,0,Low
2026-05-20 21:30:15,34,34,512,512,False,1.0,0,Low
2026-05-20 22:55:25,34,34,512,512,False,1.0,0,Low
2026-05-21 00:05:49,34,34,512,512,False,1.0,0,Low
2026-05-21 04:40:43,34,34,512,512,False,1.0,0,Low
2026-05-21 08:21:02,26,35,670,497,False,0.7429,173,Low
2026-05-21 11:41:26,22,35,792,497,False,0.6286,295,Medium
2026-05-21 14:25:01,20,34,871,512,False,0.5882,359,Medium
2026-05-21 17:11:59,34,34,512,512,False,1.0,0,Low
2026-05-21 19:17:54,34,34,512,512,False,1.0,0,Low
2026-05-21 21:00:26,34,34,512,512,False,1.0,0,Low
2026-05-21 22:25:15,34,34,512,512,False,1.0,0,Low
2026-05-21 23:34:34,34,34,512,512,False,1.0,0,Low
2026-05-22 01:33:10,34,34,512,512,False,1.0,0,Low
2026-05-22 05:47:38,25,34,696,512,False,0.7353,184,Low
2026-05-22 08:41:55,25,33,696,528,False,0.7576,168,Low
2026-05-22 11:32:06,28,35,622,497,False,0.8,125,Low
2026-05-22 13:57:30,22,35,792,497,False,0.6286,295,Medium
2026-05-22 16:28:05,26,34,670,512,False,0.7647,158,Low
2026-05-22 18:17:04,34,34,512,512,False,1.0,0,Low
2026-05-22 20:14:36,34,34,512,512,False,1.0,0,Low
2026-05-22 21:37:28,34,34,512,512,False,1.0,0,Low
2026-05-22 22:39:08,34,34,512,512,False,1.0,0,Low
2026-05-22 23:45:55,34,34,512,512,False,1.0,0,Low
2026-05-23 01:29:52,34,34,512,512,False,1.0,0,Low
2026-05-23 05:09:44,28,34,622,512,False,0.8235,110,Low
2026-05-23 07:42:30,26,33,670,528,False,0.7879,142,Low
2026-05-23 09:26:42,28,36,622,484,False,0.7778,138,Low
2026-05-23 10:53:12,22,34,792,512,False,0.6471,280,Medium
2026-05-23 11:55:18,22,35,792,497,False,0.6286,295,Medium
2026-05-23 13:19:52,21,34,829,512,False,0.6176,317,Medium
2026-05-23 14:45:07,24,34,726,512,False,0.7059,214,Low
2026-05-23 15:48:26,27,34,645,512,False,0.7941,133,Low
2026-05-23 17:46:02,34,34,512,512,False,1.0,0,Low
2026-05-23 18:45:25,34,34,512,512,False,1.0,0,Low
2026-05-23 19:54:20,34,34,512,512,False,1.0,0,Low
2026-05-23 20:43:10,34,34,512,512,False,1.0,0,Low
2026-05-23 21:39:11,34,34,512,512,False,1.0,0,Low
2026-05-23 22:36:29,34,34,512,512,False,1.0,0,Low
2026-05-23 23:39:17,34,34,512,512,False,1.0,0,Low
2026-05-24 01:35:09,34,34,512,512,False,1.0,0,Low
2026-05-24 05:44:54,27,35,645,497,False,0.7714,148,Low
2026-05-24 08:08:42,22,34,792,512,False,0.6471,280,Medium
2026-05-24 10:07:33,25,35,696,497,False,0.7143,199,Low
2026-05-24 11:40:44,25,36,696,484,False,0.6944,212,Medium
2026-05-24 12:46:37,26,34,670,512,False,0.7647,158,Low
2026-05-24 14:14:37,24,35,726,497,False,0.6857,229,Medium
2026-05-24 15:36:32,29,35,600,497,False,0.8286,103,Low
2026-05-24 16:40:13,34,34,512,512,False,1.0,0,Low
2026-05-24 17:40:55,34,34,512,512,False,1.0,0,Low
2026-05-24 18:48:07,34,34,512,512,False,1.0,0,Low
2026-05-24 19:56:22,34,34,512,512,False,1.0,0,Low
2026-05-24 20:56:29,34,34,512,512,False,1.0,0,Low
2026-05-24 21:57:22,34,34,512,512,False,1.0,0,Low
2026-05-24 23:00:03,34,34,512,512,False,1.0,0,Low
2026-05-25 00:10:02,34,34,512,512,False,1.0,0,Low
2026-05-25 04:50:26,28,35,622,497,False,0.8,125,Low
2026-05-25 08:48:28,26,33,670,528,False,0.7879,142,Low
2026-05-25 12:13:56,24,35,726,497,False,0.6857,229,Medium
2026-05-25 15:29:53,25,34,696,512,False,0.7353,184,Low
2026-05-25 17:19:58,34,34,512,512,False,1.0,0,Low
2026-05-25 18:55:32,34,34,512,512,False,1.0,0,Low
2026-05-25 20:21:54,34,34,512,512,False,1.0,0,Low
2026-05-25 21:38:44,34,34,512,512,False,1.0,0,Low
2026-05-25 22:40:06,34,34,512,512,False,1.0,0,Low
2026-05-25 23:45:03,34,34,512,512,False,1.0,0,Low
2026-05-26 01:32:18,34,34,512,512,False,1.0,0,Low
2026-05-26 05:47:39,25,34,696,512,False,0.7353,184,Low
2026-05-26 08:58:13,34,34,512,512,False,1.0,0,Low
2026-05-26 16:12:03,29,35,600,497,False,0.8286,103,Low
2026-05-26 18:37:24,34,34,512,512,False,1.0,0,Low
2026-05-26 20:34:52,34,34,512,512,False,1.0,0,Low
2026-05-26 22:09:27,34,34,512,512,False,1.0,0,Low
2026-05-26 23:33:21,34,34,512,512,False,1.0,0,Low
2026-05-27 01:36:02,34,34,512,512,False,1.0,0,Low
2026-05-27 06:00:04,23,32,757,544,False,0.7188,213,Low
2026-05-27 10:13:13,26,35,670,497,False,0.7429,173,Low
2026-05-27 13:49:50,20,34,871,512,False,0.5882,359,Medium
2026-05-27 16:55:10,34,34,512,512,False,1.0,0,Low
2026-05-27 19:21:58,34,34,512,512,False,1.0,0,Low
2026-05-27 21:18:11,34,34,512,512,False,1.0,0,Low
2026-05-27 22:52:59,34,34,512,512,False,1.0,0,Low
2026-05-27 23:54:32,34,34,512,512,False,1.0,0,Low
2026-05-28 02:43:59,34,34,512,512,False,1.0,0,Low
2026-05-28 06:40:12,24,34,726,512,False,0.7059,214,Low
2026-05-28 10:41:41,25,34,696,512,False,0.7353,184,Low
2026-05-28 14:24:33,29,36,600,484,False,0.8056,116,Low
2026-05-28 17:48:29,34,34,512,512,False,1.0,0,Low
2026-05-28 19:58:17,34,34,512,512,False,1.0,0,Low
2026-05-28 22:00:01,34,34,512,512,False,1.0,0,Low
2026-05-28 23:25:21,34,34,512,512,False,1.0,0,Low
2026-05-29 01:31:29,34,34,512,512,False,1.0,0,Low
2026-05-29 05:54:29,27,34,645,512,False,0.7941,133,Low
2026-05-29 09:44:32,25,35,696,497,False,0.7143,199,Low
2026-05-29 12:36:24,23,35,757,497,False,0.6571,260,Medium
2026-05-29 16:28:10,26,34,670,512,False,0.7647,158,Low
2026-05-29 19:10:42,34,34,512,512,False,1.0,0,Low
2026-05-29 21:17:12,34,34,512,512,False,1.0,0,Low
2026-05-29 22:44:32,34,34,512,512,False,1.0,0,Low
2026-05-29 23:56:32,34,34,512,512,False,1.0,0,Low
2026-05-30 03:30:40,34,34,512,512,False,1.0,0,Low
2026-05-30 06:36:29,24,34,726,512,False,0.7059,214,Low
2026-05-30 09:02:19,23,35,757,497,False,0.6571,260,Medium
2026-05-30 10:50:52,23,35,757,497,False,0.6571,260,Medium
2026-05-30 11:58:56,19,35,917,497,False,0.5429,420,Medium
2026-05-30 13:56:43,22,34,792,512,False,0.6471,280,Medium
2026-05-30 15:08:36,20,33,871,528,False,0.6061,343,Medium
2026-05-30 16:15:00,23,34,757,512,False,0.6765,245,Medium
2026-05-30 17:32:04,34,34,512,512,False,1.0,0,Low
2026-05-30 18:43:08,34,34,512,512,False,1.0,0,Low
2026-05-30 19:56:09,34,34,512,512,False,1.0,0,Low
2026-05-30 20:57:20,34,34,512,512,False,1.0,0,Low
2026-05-30 22:03:16,34,34,512,512,False,1.0,0,Low
2026-05-30 23:10:44,34,34,512,512,False,1.0,0,Low
2026-05-31 00:14:08,34,34,512,512,False,1.0,0,Low
2026-05-31 04:54:10,28,34,622,512,False,0.8235,110,Low
2026-05-31 08:10:59,22,35,792,497,False,0.6286,295,Medium
2026-05-31 10:24:26,23,35,757,497,False,0.6571,260,Medium
2026-05-31 11:55:33,26,34,670,512,False,0.7647,158,Low
2026-05-31 13:41:46,25,33,696,528,False,0.7576,168,Low
2026-05-31 15:05:05,25,32,696,544,False,0.7812,152,Low
2026-05-31 16:21:10,30,34,580,512,False,0.8824,68,Low
2026-05-31 17:34:16,34,34,512,512,False,1.0,0,Low
2026-05-31 18:48:26,34,34,512,512,False,1.0,0,Low
2026-05-31 19:58:03,34,34,512,512,False,1.0,0,Low
2026-05-31 21:05:54,34,34,512,512,False,1.0,0,Low
2026-05-31 22:11:32,34,34,512,512,False,1.0,0,Low
2026-05-31 23:17:56,34,34,512,512,False,1.0,0,Low
2026-06-01 01:36:03,34,34,512,512,False,1.0,0,Low
2026-06-01 06:31:49,26,32,670,544,False,0.8125,126,Low
2026-06-01 12:19:34,20,34,871,512,False,0.5882,359,Medium
2026-06-01 18:19:53,34,34,512,512,False,1.0,0,Low
2026-06-01 21:45:34,34,34,512,512,False,1.0,0,Low
2026-06-01 23:17:54,34,34,512,512,False,1.0,0,Low
2026-06-02 01:40:14,34,34,512,512,False,1.0,0,Low
2026-06-02 06:21:11,24,34,726,512,False,0.7059,214,Low
2026-06-02 10:59:25,23,33,757,528,False,0.697,229,Medium
2026-06-02 15:00:40,22,35,792,497,False,0.6286,295,Medium
2026-06-02 18:49:14,34,34,512,512,False,1.0,0,Low
2026-06-02 21:37:50,34,34,512,512,False,1.0,0,Low
2026-06-02 23:19:49,34,34,512,512,False,1.0,0,Low
2026-06-03 02:02:41,34,34,512,512,False,1.0,0,Low
2026-06-03 07:03:08,25,34,696,512,False,0.7353,184,Low
2026-06-03 12:04:02,25,34,696,512,False,0.7353,184,Low
2026-06-03 17:10:08,34,34,512,512,False,1.0,0,Low
2026-06-03 20:27:22,34,34,512,512,False,1.0,0,Low
2026-06-03 22:37:26,34,34,512,512,False,1.0,0,Low
2026-06-04 00:18:10,34,34,512,512,False,1.0,0,Low
2026-06-04 05:13:26,26,34,670,512,False,0.7647,158,Low
2026-06-04 09:02:32,25,35,696,497,False,0.7143,199,Low
2026-06-04 12:11:43,19,34,917,512,False,0.5588,405,Medium
2026-06-04 15:44:14,24,35,726,497,False,0.6857,229,Medium
2026-06-04 18:01:30,34,34,512,512,False,1.0,0,Low
2026-06-04 20:17:31,34,34,512,512,False,1.0,0,Low
2026-06-04 21:55:41,34,34,512,512,False,1.0,0,Low
2026-06-04 23:07:42,34,34,512,512,False,1.0,0,Low
2026-06-05 00:18:47,34,34,512,512,False,1.0,0,Low
2026-06-05 04:51:56,26,33,670,528,False,0.7879,142,Low
2026-06-05 08:37:26,34,34,512,512,False,1.0,0,Low
2026-06-05 11:46:35,21,36,829,484,False,0.5833,345,Medium
2026-06-05 14:11:35,21,36,829,484,False,0.5833,345,Medium
2026-06-05 16:41:37,27,34,645,512,False,0.7941,133,Low
2026-06-05 18:33:09,34,34,512,512,False,1.0,0,Low
2026-06-05 20:30:41,34,34,512,512,False,1.0,0,Low
2026-06-05 22:02:34,34,34,512,512,False,1.0,0,Low
2026-06-05 23:21:09,34,34,512,512,False,1.0,0,Low
2026-06-06 01:26:29,34,34,512,512,False,1.0,0,Low
2026-06-06 05:28:45,30,35,580,497,False,0.8571,83,Low
2026-06-06 08:07:17,23,35,757,497,False,0.6571,260,Medium
2026-06-06 10:19:02,23,34,757,512,False,0.6765,245,Medium
2026-06-06 11:49:10,22,34,792,512,False,0.6471,280,Medium
2026-06-06 12:58:27,22,35,792,497,False,0.6286,295,Medium
2026-06-06 14:47:03,23,34,757,512,False,0.6765,245,Medium
2026-06-06 15:58:18,29,35,600,497,False,0.8286,103,Low
2026-06-06 17:19:38,24,33,726,528,False,0.7273,198,Low
2026-06-06 18:43:09,34,34,512,512,False,1.0,0,Low
2026-06-06 19:59:31,34,34,512,512,False,1.0,0,Low
2026-06-06 21:11:47,34,34,512,512,False,1.0,0,Low
2026-06-06 22:17:14,34,34,512,512,False,1.0,0,Low
2026-06-06 23:31:22,34,34,512,512,False,1.0,0,Low
2026-06-07 01:39:13,34,34,512,512,False,1.0,0,Low
2026-06-07 06:07:07,34,34,512,512,False,1.0,0,Low
2026-06-07 09:33:03,28,33,622,528,False,0.8485,94,Low
2026-06-07 11:22:11,26,34,670,512,False,0.7647,158,Low
2026-06-07 12:55:34,27,34,645,512,False,0.7941,133,Low
2026-06-07 14:51:04,25,35,696,497,False,0.7143,199,Low
2026-06-07 16:03:59,28,34,622,512,False,0.8235,110,Low
2026-06-07 17:38:04,34,34,512,512,False,1.0,0,Low
2026-06-07 18:54:48,34,34,512,512,False,1.0,0,Low
2026-06-07 20:08:28,34,34,512,512,False,1.0,0,Low
2026-06-07 21:35:28,34,34,512,512,False,1.0,0,Low
2026-06-07 22:41:43,34,34,512,512,False,1.0,0,Low
2026-06-07 23:45:15,34,34,512,512,False,1.0,0,Low
2026-06-08 02:03:44,34,34,512,512,False,1.0,0,Low
2026-06-08 06:58:25,25,32,696,544,False,0.7812,152,Low
2026-06-08 12:02:43,22,34,792,512,False,0.6471,280,Medium
2026-06-08 16:13:37,28,35,622,497,False,0.8,125,Low
2026-06-08 18:36:23,34,34,512,512,False,1.0,0,Low
2026-06-08 21:03:43,34,34,512,512,False,1.0,0,Low
2026-06-08 22:44:38,34,34,512,512,False,1.0,0,Low
2026-06-08 23:52:03,34,34,512,512,False,1.0,0,Low
2026-06-09 01:55:58,34,34,512,512,False,1.0,0,Low
2026-06-09 06:09:11,29,35,600,497,False,0.8286,103,Low
2026-06-09 10:01:54,27,35,645,497,False,0.7714,148,Low
2026-06-09 12:47:04,21,34,829,512,False,0.6176,317,Medium
2026-06-09 15:46:12,26,32,670,544,False,0.8125,126,Low
2026-06-09 17:47:35,34,34,512,512,False,1.0,0,Low
2026-06-09 19:49:13,34,34,512,512,False,1.0,0,Low
2026-06-09 21:25:23,34,34,512,512,False,1.0,0,Low
2026-06-09 22:57:07,34,34,512,512,False,1.0,0,Low
2026-06-10 00:17:18,34,34,512,512,False,1.0,0,Low
2026-06-10 04:52:19,27,34,645,512,False,0.7941,133,Low
2026-06-10 08:42:18,27,33,645,528,False,0.8182,117,Low
2026-06-10 12:01:04,22,34,792,512,False,0.6471,280,Medium
2026-06-10 15:59:55,30,35,580,497,False,0.8571,83,Low
2026-06-10 18:36:26,34,34,512,512,False,1.0,0,Low
2026-06-10 21:12:13,34,34,512,512,False,1.0,0,Low
2026-06-10 22:57:20,34,34,512,512,False,1.0,0,Low
2026-06-11 00:18:38,34,34,512,512,False,1.0,0,Low
2026-06-11 05:02:22,27,34,645,512,False,0.7941,133,Low
2026-06-11 09:18:15,25,34,696,512,False,0.7353,184,Low
2026-06-11 12:56:51,22,35,792,497,False,0.6286,295,Medium
2026-06-11 16:55:41,34,34,512,512,False,1.0,0,Low
2026-06-11 19:34:58,34,34,512,512,False,1.0,0,Low
2026-06-11 21:36:35,34,34,512,512,False,1.0,0,Low
2026-06-11 23:09:21,34,34,512,512,False,1.0,0,Low
2026-06-12 01:38:45,34,34,512,512,False,1.0,0,Low
2026-06-12 06:18:16,29,34,600,512,False,0.8529,88,Low
2026-06-12 10:43:23,28,35,622,497,False,0.8,125,Low
2026-06-12 13:51:40,18,35,968,497,False,0.5143,471,Medium
2026-06-12 16:36:32,25,34,696,512,False,0.7353,184,Low
2026-06-12 18:28:48,34,34,512,512,False,1.0,0,Low
2026-06-12 20:36:45,34,34,512,512,False,1.0,0,Low
2026-06-12 22:13:19,34,34,512,512,False,1.0,0,Low
2026-06-12 23:53:31,34,34,512,512,False,1.0,0,Low
2026-06-13 02:41:09,34,34,512,512,False,1.0,0,Low
2026-06-13 06:41:35,26,33,670,528,False,0.7879,142,Low
2026-06-13 09:46:23,24,35,726,497,False,0.6857,229,Medium
2026-06-13 11:43:06,23,36,757,484,False,0.6389,273,Medium
2026-06-13 13:12:58,21,34,829,512,False,0.6176,317,Medium
2026-06-13 15:11:51,21,34,829,512,False,0.6176,317,Medium
2026-06-13 16:46:53,27,34,645,512,False,0.7941,133,Low
2026-06-13 17:59:57,34,34,512,512,False,1.0,0,Low
2026-06-13 19:47:49,34,34,512,512,False,1.0,0,Low
2026-06-13 20:55:39,34,34,512,512,False,1.0,0,Low
2026-06-13 22:02:30,34,34,512,512,False,1.0,0,Low
2026-06-13 23:17:51,34,34,512,512,False,1.0,0,Low
2026-06-14 01:38:43,34,34,512,512,False,1.0,0,Low
2026-06-14 06:19:49,34,34,512,512,False,1.0,0,Low
2026-06-14 10:00:08,24,34,726,512,False,0.7059,214,Low
2026-06-14 12:06:19,21,33,829,528,False,0.6364,301,Medium
2026-06-14 14:25:06,23,33,757,528,False,0.697,229,Medium
2026-06-14 16:04:00,34,34,512,512,False,1.0,0,Low
2026-06-14 17:40:52,34,34,512,512,False,1.0,0,Low
2026-06-14 18:57:34,34,34,512,512,False,1.0,0,Low
2026-06-14 20:20:58,34,34,512,512,False,1.0,0,Low
2026-06-14 21:46:48,34,34,512,512,False,1.0,0,Low
2026-06-14 22:54:41,34,34,512,512,False,1.0,0,Low
2026-06-15 00:05:18,34,34,512,512,False,1.0,0,Low
2026-06-15 05:24:11,28,34,622,512,False,0.8235,110,Low
2026-06-15 11:27:37,25,35,696,497,False,0.7143,199,Low
2026-06-15 16:27:51,27,34,645,512,False,0.7941,133,Low
2026-06-15 20:03:03,34,34,512,512,False,1.0,0,Low
2026-06-15 22:25:08,34,34,512,512,False,1.0,0,Low
2026-06-16 00:09:50,34,34,512,512,False,1.0,0,Low
2026-06-16 05:31:19,24,34,726,512,False,0.7059,214,Low
2026-06-16 10:27:57,27,34,645,512,False,0.7941,133,Low
2026-06-16 15:28:03,26,34,670,512,False,0.7647,158,Low
2026-06-16 19:02:58,34,34,512,512,False,1.0,0,Low
2026-06-16 21:44:56,34,34,512,512,False,1.0,0,Low
2026-06-16 23:12:27,34,34,512,512,False,1.0,0,Low
2026-06-17 01:42:01,34,34,512,512,False,1.0,0,Low
2026-06-17 06:50:46,29,35,600,497,False,0.8286,103,Low
2026-06-17 11:25:01,26,35,670,497,False,0.7429,173,Low
2026-06-17 14:35:12,26,35,670,497,False,0.7429,173,Low
2026-06-17 17:35:13,34,34,512,512,False,1.0,0,Low
2026-06-17 19:47:27,34,34,512,512,False,1.0,0,Low
2026-06-17 21:49:47,34,34,512,512,False,1.0,0,Low
2026-06-17 23:11:54,34,34,512,512,False,1.0,0,Low
2026-06-18 01:43:06,34,34,512,512,False,1.0,0,Low
2026-06-18 06:29:37,25,34,696,512,False,0.7353,184,Low
2026-06-18 10:56:24,24,34,726,512,False,0.7059,214,Low
2026-06-18 14:10:39,18,35,968,497,False,0.5143,471,Medium
2026-06-18 17:28:52,34,34,512,512,False,1.0,0,Low
2026-06-18 19:40:20,34,34,512,512,False,1.0,0,Low
2026-06-18 21:50:25,34,34,512,512,False,1.0,0,Low
2026-06-18 23:25:49,34,34,512,512,False,1.0,0,Low
2026-06-19 02:16:45,34,34,512,512,False,1.0,0,Low
2026-06-19 07:32:37,24,32,726,544,False,0.75,182,Low
2026-06-19 11:50:18,24,36,726,484,False,0.6667,242,Medium
2026-06-19 14:32:08,18,34,968,512,False,0.5294,456,Medium
2026-06-19 17:00:52,34,34,512,512,False,1.0,0,Low
2026-06-19 19:03:01,34,34,512,512,False,1.0,0,Low
2026-06-19 20:42:57,34,34,512,512,False,1.0,0,Low
2026-06-19 21:50:22,34,34,512,512,False,1.0,0,Low
2026-06-19 22:40:52,34,34,512,512,False,1.0,0,Low
2026-06-19 23:47:54,34,34,512,512,False,1.0,0,Low
2026-06-20 01:55:01,34,34,512,512,False,1.0,0,Low
2026-06-20 06:18:16,28,34,622,512,False,0.8235,110,Low
2026-06-20 09:45:49,26,35,670,497,False,0.7429,173,Low
2026-06-20 11:45:14,17,36,1024,484,False,0.4722,540,Medium
2026-06-20 13:14:22,19,34,917,512,False,0.5588,405,Medium
2026-06-20 15:16:15,22,34,792,512,False,0.6471,280,Medium
2026-06-20 16:54:51,34,34,512,512,False,1.0,0,Low
2026-06-20 18:07:54,34,34,512,512,False,1.0,0,Low
2026-06-20 19:53:57,34,34,512,512,False,1.0,0,Low
2026-06-20 21:09:25,34,34,512,512,False,1.0,0,Low
2026-06-20 22:33:56,34,34,512,512,False,1.0,0,Low
2026-06-20 23:47:10,34,34,512,512,False,1.0,0,Low
2026-06-21 02:06:51,34,34,512,512,False,1.0,0,Low
2026-06-21 07:03:54,14,36,1244,484,False,0.3889,760,High
2026-06-21 10:40:32,24,35,726,497,False,0.6857,229,Medium
2026-06-21 12:29:30,26,34,670,512,False,0.7647,158,Low
2026-06-21 14:57:47,25,33,696,528,False,0.7576,168,Low
2026-06-21 16:47:37,26,34,670,512,False,0.7647,158,Low
2026-06-21 18:11:14,34,34,512,512,False,1.0,0,Low
2026-06-21 20:02:17,34,34,512,512,False,1.0,0,Low
2026-06-21 21:25:17,34,34,512,512,False,1.0,0,Low
2026-06-21 22:42:21,34,34,512,512,False,1.0,0,Low
2026-06-21 23:57:48,34,34,512,512,False,1.0,0,Low
2026-06-22 04:55:01,27,34,645,512,False,0.7941,133,Low
2026-06-22 10:35:07,24,33,726,528,False,0.7273,198,Low
2026-06-22 15:37:10,24,34,726,512,False,0.7059,214,Low
2026-06-22 18:59:00,34,34,512,512,False,1.0,0,Low
2026-06-22 21:33:48,34,34,512,512,False,1.0,0,Low
2026-06-22 23:05:05,34,34,512,512,False,1.0,0,Low
2026-06-23 00:18:12,34,34,512,512,False,1.0,0,Low
2026-06-23 04:34:04,24,33,726,528,False,0.7273,198,Low
2026-06-23 08:06:30,27,35,645,497,False,0.7714,148,Low
2026-06-23 11:28:21,23,33,757,528,False,0.697,229,Medium
2026-06-23 14:00:19,19,34,917,512,False,0.5588,405,Medium
2026-06-23 16:31:34,26,34,670,512,False,0.7647,158,Low
2026-06-23 18:24:35,34,34,512,512,False,1.0,0,Low
2026-06-23 20:30:53,34,34,512,512,False,1.0,0,Low
2026-06-23 21:59:54,34,34,512,512,False,1.0,0,Low
2026-06-23 23:15:13,34,34,512,512,False,1.0,0,Low
2026-06-24 00:12:55,34,34,512,512,False,1.0,0,Low
2026-06-24 04:37:15,24,34,726,512,False,0.7059,214,Low
2026-06-24 08:02:02,29,35,600,497,False,0.8286,103,Low
2026-06-24 11:12:35,21,34,829,512,False,0.6176,317,Medium
2026-06-24 13:28:44,19,33,917,528,False,0.5758,389,Medium
2026-06-24 15:53:21,27,35,645,497,False,0.7714,148,Low
2026-06-24 17:47:36,34,34,512,512,False,1.0,0,Low
2026-06-24 19:20:07,34,34,512,512,False,1.0,0,Low
2026-06-24 21:01:40,34,34,512,512,False,1.0,0,Low
2026-06-24 22:24:55,34,34,512,512,False,1.0,0,Low
2026-06-24 23:41:04,34,34,512,512,False,1.0,0,Low
2026-06-25 01:49:26,34,34,512,512,False,1.0,0,Low
2026-06-25 05:52:52,24,35,726,497,False,0.6857,229,Medium
2026-06-25 08:47:55,27,35,645,497,False,0.7714,148,Low
2026-06-25 11:28:28,20,35,871,497,False,0.5714,374,Medium
2026-06-25 13:37:29,16,34,1089,512,False,0.4706,577,Medium
2026-06-25 16:07:56,26,34,670,512,False,0.7647,158,Low
2026-06-25 18:24:01,34,34,512,512,False,1.0,0,Low
2026-06-25 20:29:12,34,34,512,512,False,1.0,0,Low
2026-06-25 22:06:31,34,34,512,512,False,1.0,0,Low
2026-06-25 23:42:36,34,34,512,512,False,1.0,0,Low
2026-06-26 01:52:51,34,34,512,512,False,1.0,0,Low
2026-06-26 06:01:45,24,34,726,512,False,0.7059,214,Low
2026-06-26 09:47:14,26,33,670,528,False,0.7879,142,Low
2026-06-26 12:03:41,24,34,726,512,False,0.7059,214,Low
2026-06-26 14:43:31,23,35,757,497,False,0.6571,260,Medium
2026-06-26 16:51:17,24,33,726,528,False,0.7273,198,Low
2026-06-26 18:18:58,34,34,512,512,False,1.0,0,Low
2026-06-26 20:14:18,34,34,512,512,False,1.0,0,Low
2026-06-26 21:41:56,34,34,512,512,False,1.0,0,Low
2026-06-26 22:50:19,34,34,512,512,False,1.0,0,Low
2026-06-26 23:50:42,34,34,512,512,False,1.0,0,Low
2026-06-27 01:48:16,34,34,512,512,False,1.0,0,Low
2026-06-27 05:40:44,29,35,600,497,False,0.8286,103,Low
2026-06-27 08:17:09,26,35,670,497,False,0.7429,173,Low
2026-06-27 10:27:16,26,35,670,497,False,0.7429,173,Low
2026-06-27 11:55:17,28,36,622,484,False,0.7778,138,Low
2026-06-27 13:27:18,20,34,871,512,False,0.5882,359,Medium
2026-06-27 15:01:36,25,34,696,512,False,0.7353,184,Low
2026-06-27 16:15:59,26,34,670,512,False,0.7647,158,Low
2026-06-27 17:32:55,34,34,512,512,False,1.0,0,Low
2026-06-27 18:47:36,34,34,512,512,False,1.0,0,Low
2026-06-27 19:59:24,34,34,512,512,False,1.0,0,Low
2026-06-27 21:13:27,34,34,512,512,False,1.0,0,Low
2026-06-27 22:16:56,34,34,512,512,False,1.0,0,Low
2026-06-27 23:31:10,34,34,512,512,False,1.0,0,Low
2026-06-28 01:35:58,34,34,512,512,False,1.0,0,Low
2026-06-28 06:00:06,34,34,512,512,False,1.0,0,Low
2026-06-28 09:25:53,23,34,757,512,False,0.6765,245,Medium
2026-06-28 11:19:55,29,35,600,497,False,0.8286,103,Low
2026-06-28 12:48:31,34,34,512,512,False,1.0,0,Low
2026-06-28 14:28:47,23,33,757,528,False,0.697,229,Medium
2026-06-28 15:52:10,28,35,622,497,False,0.8,125,Low
2026-06-28 16:56:33,27,34,645,512,False,0.7941,133,Low
2026-06-28 18:05:33,34,34,512,512,False,1.0,0,Low
2026-06-28 19:43:00,34,34,512,512,False,1.0,0,Low
2026-06-28 20:45:15,34,34,512,512,False,1.0,0,Low
2026-06-28 21:46:23,34,34,512,512,False,1.0,0,Low
2026-06-28 22:46:05,34,34,512,512,False,1.0,0,Low
2026-06-28 23:52:14,34,34,512,512,False,1.0,0,Low
2026-06-29 02:13:29,34,34,512,512,False,1.0,0,Low
2026-06-29 07:04:50,26,34,670,512,False,0.7647,158,Low
2026-06-29 12:06:48,21,32,829,544,False,0.6562,285,Medium
2026-06-29 16:06:40,30,36,580,484,False,0.8333,96,Low
2026-06-29 18:19:37,34,34,512,512,False,1.0,0,Low
2026-06-29 20:18:54,34,34,512,512,False,1.0,0,Low
2026-06-29 21:46:57,34,34,512,512,False,1.0,0,Low
2026-06-29 22:42:37,34,34,512,512,False,1.0,0,Low
2026-06-29 23:42:44,34,34,512,512,False,1.0,0,Low
2026-06-30 01:50:31,34,34,512,512,False,1.0,0,Low
2026-06-30 05:57:49,27,35,645,497,False,0.7714,148,Low
2026-06-30 09:47:07,28,35,622,497,False,0.8,125,Low
2026-06-30 12:01:34,25,36,696,484,False,0.6944,212,Medium
2026-06-30 14:37:36,24,34,726,512,False,0.7059,214,Low
2026-06-30 16:52:38,31,35,562,497,False,0.8857,65,Low
2026-06-30 18:28:14,34,34,512,512,False,1.0,0,Low
2026-06-30 20:30:25,34,34,512,512,False,1.0,0,Low
2026-06-30 21:59:56,34,34,512,512,False,1.0,0,Low
2026-06-30 23:21:01,34,34,512,512,False,1.0,0,Low
2026-07-01 01:36:03,34,34,512,512,False,1.0,0,Low
2026-07-01 06:08:49,27,34,645,512,False,0.7941,133,Low
2026-07-01 10:10:37,27,35,645,497,False,0.7714,148,Low
2026-07-01 12:47:19,20,34,871,512,False,0.5882,359,Medium
2026-07-01 15:31:48,22,33,792,528,False,0.6667,264,Medium
2026-07-01 17:31:16,29,34,600,512,False,0.8529,88,Low
2026-07-01 19:20:29,34,34,512,512,False,1.0,0,Low
2026-07-01 20:58:08,34,34,512,512,False,1.0,0,Low
2026-07-01 22:21:34,34,34,512,512,False,1.0,0,Low
2026-07-01 23:48:51,34,34,512,512,False,1.0,0,Low
2026-07-02 01:52:43,34,34,512,512,False,1.0,0,Low
2026-07-02 05:49:15,29,34,600,512,False,0.8529,88,Low
2026-07-02 08:35:43,31,35,562,497,False,0.8857,65,Low
2026-07-02 11:15:04,26,34,670,512,False,0.7647,158,Low
2026-07-02 13:10:13,26,35,670,497,False,0.7429,173,Low
2026-07-02 15:29:49,27,34,645,512,False,0.7941,133,Low
2026-07-02 17:13:02,34,34,512,512,False,1.0,0,Low
2026-07-02 18:49:01,34,34,512,512,False,1.0,0,Low
2026-07-02 20:11:17,34,34,512,512,False,1.0,0,Low
2026-07-02 21:32:12,34,34,512,512,False,1.0,0,Low
2026-07-02 22:41:30,34,34,512,512,False,1.0,0,Low
2026-07-02 23:45:02,34,34,512,512,False,1.0,0,Low
2026-07-03 01:19:31,34,34,512,512,False,1.0,0,Low
2026-07-03 05:02:38,24,33,726,528,False,0.7273,198,Low
2026-07-03 08:20:23,25,33,696,528,False,0.7576,168,Low
2026-07-03 11:04:41,27,34,645,512,False,0.7941,133,Low
2026-07-03 13:05:17,22,34,792,512,False,0.6471,280,Medium
2026-07-03 15:22:03,27,35,645,497,False,0.7714,148,Low
2026-07-03 16:50:14,29,34,600,512,False,0.8529,88,Low
2026-07-03 18:05:14,34,34,512,512,False,1.0,0,Low
2026-07-03 19:44:25,34,34,512,512,False,1.0,0,Low
2026-07-03 20:45:36,34,34,512,512,False,1.0,0,Low
2026-07-03 21:47:45,34,34,512,512,False,1.0,0,Low
2026-07-03 22:46:04,34,34,512,512,False,1.0,0,Low
2026-07-03 23:47:07,34,34,512,512,False,1.0,0,Low
2026-07-04 01:20:37,34,34,512,512,False,1.0,0,Low
2026-07-04 04:57:42,25,33,696,528,False,0.7576,168,Low
2026-07-04 07:49:51,26,35,670,497,False,0.7429,173,Low
2026-07-04 09:55:25,28,35,622,497,False,0.8,125,Low
2026-07-04 11:24:47,20,34,871,512,False,0.5882,359,Medium
2026-07-04 12:42:19,22,34,792,512,False,0.6471,280,Medium
2026-07-04 14:15:26,19,34,917,512,False,0.5588,405,Medium
2026-07-04 15:33:32,26,35,670,497,False,0.7429,173,Low
2026-07-04 16:35:22,34,34,512,512,False,1.0,0,Low
2026-07-04 17:39:41,34,34,512,512,False,1.0,0,Low
2026-07-04 18:40:11,34,34,512,512,False,1.0,0,Low
2026-07-04 19:53:02,34,34,512,512,False,1.0,0,Low
2026-07-04 20:43:43,34,34,512,512,False,1.0,0,Low
2026-07-04 21:41:43,34,34,512,512,False,1.0,0,Low
2026-07-04 22:39:26,34,34,512,512,False,1.0,0,Low
2026-07-04 23:42:50,34,34,512,512,False,1.0,0,Low
2026-07-05 01:25:25,34,34,512,512,False,1.0,0,Low
2026-07-05 05:35:56,24,34,726,512,False,0.7059,214,Low
2026-07-05 08:29:25,25,35,696,497,False,0.7143,199,Low
2026-07-05 10:40:14,27,34,645,512,False,0.7941,133,Low
2026-07-05 12:04:21,28,33,622,528,False,0.8485,94,Low
2026-07-05 14:03:16,27,34,645,512,False,0.7941,133,Low
2026-07-05 15:22:58,27,34,645,512,False,0.7941,133,Low
2026-07-05 16:31:47,28,33,622,528,False,0.8485,94,Low
2026-07-05 17:39:32,34,34,512,512,False,1.0,0,Low
2026-07-05 18:44:12,34,34,512,512,False,1.0,0,Low
2026-07-05 20:00:53,34,34,512,512,False,1.0,0,Low
2026-07-05 21:13:25,34,34,512,512,False,1.0,0,Low
2026-07-05 22:14:19,34,34,512,512,False,1.0,0,Low
2026-07-05 23:29:27,34,34,512,512,False,1.0,0,Low
2026-07-06 01:17:45,34,34,512,512,False,1.0,0,Low
2026-07-06 05:39:53,34,34,512,512,False,1.0,0,Low
2026-07-06 09:42:38,25,34,696,512,False,0.7353,184,Low
2026-07-06 13:30:21,21,34,829,512,False,0.6176,317,Medium
2026-07-06 16:40:50,34,34,512,512,False,1.0,0,Low
2026-07-06 18:30:51,34,34,512,512,False,1.0,0,Low
2026-07-06 20:28:51,34,34,512,512,False,1.0,0,Low
2026-07-06 21:56:38,34,34,512,512,False,1.0,0,Low
2026-07-06 23:08:24,34,34,512,512,False,1.0,0,Low
2026-07-07 00:18:58,34,34,512,512,False,1.0,0,Low
2026-07-07 04:28:25,24,34,726,512,False,0.7059,214,Low
2026-07-07 07:59:39,27,35,645,497,False,0.7714,148,Low
2026-07-07 11:16:17,26,34,670,512,False,0.7647,158,Low
2026-07-07 13:28:06,19,35,917,497,False,0.5429,420,Medium
2026-07-07 16:03:17,29,35,600,497,False,0.8286,103,Low
2026-07-07 18:11:51,34,34,512,512,False,1.0,0,Low
2026-07-07 20:14:42,34,34,512,512,False,1.0,0,Low
2026-07-07 21:43:01,34,34,512,512,False,1.0,0,Low
2026-07-07 22:44:58,34,34,512,512,False,1.0,0,Low
2026-07-07 23:39:40,34,34,512,512,False,1.0,0,Low
2026-07-08 01:10:05,34,34,512,512,False,1.0,0,Low
2026-07-08 04:31:03,30,35,580,497,False,0.8571,83,Low
2026-07-08 07:07:34,26,35,670,497,False,0.7429,173,Low
2026-07-08 09:33:56,28,34,622,512,False,0.8235,110,Low
2026-07-08 11:26:20,21,35,829,497,False,0.6,332,Medium
2026-07-08 13:03:15,18,35,968,497,False,0.5143,471,Medium
2026-07-08 15:30:12,27,36,645,484,False,0.75,161,Low
2026-07-08 17:01:27,34,34,512,512,False,1.0,0,Low
2026-07-08 18:24:34,34,34,512,512,False,1.0,0,Low
2026-07-08 20:01:13,34,34,512,512,False,1.0,0,Low
2026-07-08 21:19:12,34,34,512,512,False,1.0,0,Low
2026-07-08 22:28:05,34,34,512,512,False,1.0,0,Low
2026-07-08 23:37:31,34,34,512,512,False,1.0,0,Low
2026-07-09 01:13:47,34,34,512,512,False,1.0,0,Low
2026-07-09 05:07:50,26,34,670,512,False,0.7647,158,Low
2026-07-09 08:52:55,26,34,670,512,False,0.7647,158,Low
2026-07-09 11:39:55,23,34,757,512,False,0.6765,245,Medium
2026-07-09 14:11:38,22,34,792,512,False,0.6471,280,Medium
2026-07-09 16:41:02,29,34,600,512,False,0.8529,88,Low
2026-07-09 18:26:54,34,34,512,512,False,1.0,0,Low
2026-07-09 20:19:40,34,34,512,512,False,1.0,0,Low
2026-07-09 21:52:34,34,34,512,512,False,1.0,0,Low
2026-07-09 23:02:26,34,34,512,512,False,1.0,0,Low
2026-07-10 00:14:41,34,34,512,512,False,1.0,0,Low
2026-07-10 04:17:48,24,34,726,512,False,0.7059,214,Low
2026-07-10 07:55:45,28,34,622,512,False,0.8235,110,Low
2026-07-10 10:51:48,23,35,757,497,False,0.6571,260,Medium
2026-07-10 13:02:42,20,34,871,512,False,0.5882,359,Medium
2026-07-10 15:38:22,25,34,696,512,False,0.7353,184,Low
2026-07-10 17:25:27,33,35,528,497,False,0.9429,31,Low
2026-07-10 18:58:13,34,34,512,512,False,1.0,0,Low
2026-07-10 20:27:08,34,34,512,512,False,1.0,0,Low
2026-07-10 21:34:58,34,34,512,512,False,1.0,0,Low
2026-07-10 22:37:13,34,34,512,512,False,1.0,0,Low
2026-07-10 23:36:09,34,34,512,512,False,1.0,0,Low
2026-07-11 01:04:44,34,34,512,512,False,1.0,0,Low
2026-07-11 04:23:35,24,34,726,512,False,0.7059,214,Low
2026-07-11 06:32:42,28,36,622,484,False,0.7778,138,Low
2026-07-11 08:23:20,23,35,757,497,False,0.6571,260,Medium
2026-07-11 09:55:17,22,34,792,512,False,0.6471,280,Medium
2026-07-11 11:02:26,22,36,792,484,False,0.6111,308,Medium
2026-07-11 12:00:14,19,36,917,484,False,0.5278,433,Medium
2026-07-11 13:45:25,25,34,696,512,False,0.7353,184,Low
2026-07-11 14:40:14,22,34,792,512,False,0.6471,280,Medium
2026-07-11 15:36:55,23,33,757,528,False,0.697,229,Medium
2026-07-11 16:30:52,29,35,600,497,False,0.8286,103,Low
2026-07-11 17:33:23,34,35,512,497,False,0.9714,15,Low
2026-07-11 18:30:39,34,34,512,512,False,1.0,0,Low
2026-07-11 19:45:09,34,34,512,512,False,1.0,0,Low
2026-07-11 20:31:04,34,34,512,512,False,1.0,0,Low
2026-07-11 21:26:49,34,34,512,512,False,1.0,0,Low
2026-07-11 22:22:20,34,34,512,512,False,1.0,0,Low
2026-07-11 23:14:50,34,34,512,512,False,1.0,0,Low
2026-07-12 00:12:56,34,34,512,512,False,1.0,0,Low
2026-07-12 03:58:47,34,34,512,512,False,1.0,0,Low
2026-07-12 06:40:46,24,34,726,512,False,0.7059,214,Low
2026-07-12 08:53:43,28,35,622,497,False,0.8,125,Low
2026-07-12 10:20:24,28,34,622,512,False,0.8235,110,Low
2026-07-12 11:34:45,26,33,670,528,False,0.7879,142,Low
2026-07-12 12:31:33,31,35,562,497,False,0.8857,65,Low
2026-07-12 14:08:16,27,34,645,512,False,0.7941,133,Low
2026-07-12 15:13:44,24,34,726,512,False,0.7059,214,Low
2026-07-12 16:13:58,26,34,670,512,False,0.7647,158,Low
2026-07-12 17:26:38,34,34,512,512,False,1.0,0,Low
2026-07-12 18:26:58,34,34,512,512,False,1.0,0,Low
2026-07-12 19:39:02,34,34,512,512,False,1.0,0,Low
2026-07-12 20:26:03,34,34,512,512,False,1.0,0,Low
2026-07-12 21:23:06,34,34,512,512,False,1.0,0,Low
2026-07-12 22:11:31,34,34,512,512,False,1.0,0,Low
2026-07-12 23:09:20,34,34,512,512,False,1.0,0,Low
2026-07-13 00:09:31,34,34,512,512,False,1.0,0,Low
2026-07-13 03:57:44,26,33,670,528,False,0.7879,142,Low
2026-07-13 07:24:33,29,35,600,497,False,0.8286,103,Low
2026-07-13 10:38:12,27,35,645,497,False,0.7714,148,Low
2026-07-13 13:02:21,22,35,792,497,False,0.6286,295,Medium
2026-07-13 15:47:50,27,34,645,512,False,0.7941,133,Low
2026-07-13 17:44:51,34,34,512,512,False,1.0,0,Low
2026-07-13 19:05:22,34,34,512,512,False,1.0,0,Low
2026-07-13 20:22:47,34,34,512,512,False,1.0,0,Low
2026-07-13 21:26:19,34,34,512,512,False,1.0,0,Low
2026-07-13 22:26:40,34,34,512,512,False,1.0,0,Low
2026-07-13 23:26:03,34,34,512,512,False,1.0,0,Low
2026-07-14 00:52:31,34,34,512,512,False,1.0,0,Low
2026-07-14 03:50:53,32,36,544,484,False,0.8889,60,Low
2026-07-14 06:00:32,23,35,757,497,False,0.6571,260,Medium
2026-07-14 08:23:01,31,35,562,497,False,0.8857,65,Low
2026-07-14 10:14:17,29,35,600,497,False,0.8286,103,Low
2026-07-14 11:46:10,25,34,696,512,False,0.7353,184,Low
2026-07-14 12:54:12,22,36,792,484,False,0.6111,308,Medium
2026-07-14 14:44:38,27,34,645,512,False,0.7941,133,Low
2026-07-14 16:04:04,30,36,580,484,False,0.8333,96,Low
2026-07-14 17:25:38,34,34,512,512,False,1.0,0,Low
2026-07-14 18:38:13,34,34,512,512,False,1.0,0,Low
2026-07-14 19:54:31,34,34,512,512,False,1.0,0,Low
2026-07-14 20:55:18,34,34,512,512,False,1.0,0,Low
2026-07-14 21:54:59,34,34,512,512,False,1.0,0,Low
2026-07-14 22:54:49,34,34,512,512,False,1.0,0,Low
2026-07-14 23:50:47,34,34,512,512,False,1.0,0,Low
2026-07-15 01:02:51,34,34,512,512,False,1.0,0,Low
2026-07-15 04:13:28,28,34,622,512,False,0.8235,110,Low
2026-07-15 06:28:59,25,34,696,512,False,0.7353,184,Low
2026-07-15 08:56:06,27,35,645,497,False,0.7714,148,Low
2026-07-15 10:48:35,24,35,726,497,False,0.6857,229,Medium
2026-07-15 12:06:37,23,35,757,497,False,0.6571,260,Medium
2026-07-15 14:05:57,19,36,917,484,False,0.5278,433,Medium
2026-07-15 15:45:09,26,33,670,528,False,0.7879,142,Low
2026-07-15 16:57:11,34,34,512,512,False,1.0,0,Low
2026-07-15 18:09:40,34,34,512,512,False,1.0,0,Low
2026-07-15 19:35:12,34,34,512,512,False,1.0,0,Low
2026-07-15 20:38:04,34,34,512,512,False,1.0,0,Low
2026-07-15 21:37:10,34,34,512,512,False,1.0,0,Low
2026-07-15 22:37:54,34,34,512,512,False,1.0,0,Low
2026-07-15 23:38:50,34,34,512,512,False,1.0,0,Low
2026-07-16 01:06:01,34,34,512,512,False,1.0,0,Low
2026-07-16 04:21:36,30,35,580,497,False,0.8571,83,Low
2026-07-16 06:38:34,25,33,696,528,False,0.7576,168,Low
2026-07-16 08:59:43,28,36,622,484,False,0.7778,138,Low
2026-07-16 11:06:07,25,34,696,512,False,0.7353,184,Low
2026-07-16 12:46:31,21,35,829,497,False,0.6,332,Medium
2026-07-16 14:48:24,23,35,757,497,False,0.6571,260,Medium
2026-07-16 16:05:01,28,36,622,484,False,0.7778,138,Low
2026-07-16 17:36:51,34,34,512,512,False,1.0,0,Low
2026-07-16 18:44:51,34,34,512,512,False,1.0,0,Low
2026-07-16 19:47:37,34,34,512,512,False,1.0,0,Low
2026-07-16 20:37:53,34,34,512,512,False,1.0,0,Low
2026-07-16 21:43:09,34,34,512,512,False,1.0,0,Low
2026-07-16 22:39:51,34,34,512,512,False,1.0,0,Low
2026-07-16 23:37:30,34,34,512,512,False,1.0,0,Low
2026-07-17 01:09:27,34,34,512,512,False,1.0,0,Low
2026-07-17 04:23:16,27,34,645,512,False,0.7941,133,Low
2026-07-17 06:34:34,26,36,670,484,False,0.7222,186,Low
2026-07-17 08:38:46,26,36,670,484,False,0.7222,186,Low
2026-07-17 10:25:04,26,35,670,497,False,0.7429,173,Low
2026-07-17 11:50:37,21,34,829,512,False,0.6176,317,Medium
2026-07-17 12:52:54,20,34,871,512,False,0.5882,359,Medium
2026-07-17 14:24:52,22,35,792,497,False,0.6286,295,Medium
2026-07-17 15:53:54,24,36,726,484,False,0.6667,242,Medium
2026-07-17 17:05:20,28,34,622,512,False,0.8235,110,Low
2026-07-17 18:15:29,34,34,512,512,False,1.0,0,Low
2026-07-17 19:35:15,34,34,512,512,False,1.0,0,Low
2026-07-17 20:30:02,34,34,512,512,False,1.0,0,Low
2026-07-17 21:24:09,34,34,512,512,False,1.0,0,Low
2026-07-17 22:12:22,34,34,512,512,False,1.0,0,Low
2026-07-17 23:08:55,34,34,512,512,False,1.0,0,Low
2026-07-18 00:07:02,34,34,512,512,False,1.0,0,Low
2026-07-18 03:27:13,26,34,670,512,False,0.7647,158,Low
2026-07-18 05:42:44,23,34,757,512,False,0.6765,245,Medium
2026-07-18 07:19:08,23,35,757,497,False,0.6571,260,Medium
2026-07-18 09:03:12,21,34,829,512,False,0.6176,317,Medium
2026-07-18 10:35:16,23,35,757,497,False,0.6571,260,Medium
2026-07-18 11:32:47,24,35,726,497,False,0.6857,229,Medium
2026-07-18 12:31:59,19,35,917,497,False,0.5429,420,Medium
2026-07-18 14:02:12,18,34,968,512,False,0.5294,456,Medium
2026-07-18 15:04:31,25,34,696,512,False,0.7353,184,Low
2026-07-18 16:06:18,27,34,645,512,False,0.7941,133,Low
2026-07-18 17:09:55,29,33,600,528,False,0.8788,72,Low
2026-07-18 18:06:27,34,34,512,512,False,1.0,0,Low
2026-07-18 19:20:35,34,34,512,512,False,1.0,0,Low
2026-07-18 20:09:39,34,34,512,512,False,1.0,0,Low
2026-07-18 21:05:29,34,34,512,512,False,1.0,0,Low
2026-07-18 22:02:35,34,34,512,512,False,1.0,0,Low
2026-07-18 23:01:32,34,34,512,512,False,1.0,0,Low
2026-07-19 00:01:43,34,34,512,512,False,1.0,0,Low
2026-07-19 03:41:50,34,34,512,512,False,1.0,0,Low
2026-07-19 06:15:52,27,34,645,512,False,0.7941,133,Low
2026-07-19 08:36:09,28,35,622,497,False,0.8,125,Low
2026-07-19 10:11:30,26,34,670,512,False,0.7647,158,Low
2026-07-19 11:29:27,30,35,580,497,False,0.8571,83,Low
2026-07-19 12:29:09,27,35,645,497,False,0.7714,148,Low
2026-07-19 14:04:26,26,34,670,512,False,0.7647,158,Low
2026-07-19 15:09:18,34,34,512,512,False,1.0,0,Low
2026-07-19 16:08:39,25,33,696,528,False,0.7576,168,Low
2026-07-19 17:13:36,34,34,512,512,False,1.0,0,Low
2026-07-19 18:09:20,34,34,512,512,False,1.0,0,Low
2026-07-19 19:30:20,34,34,512,512,False,1.0,0,Low
2026-07-19 20:24:44,34,34,512,512,False,1.0,0,Low
2026-07-19 21:21:54,34,34,512,512,False,1.0,0,Low
2026-07-19 22:13:01,34,34,512,512,False,1.0,0,Low
2026-07-19 23:12:38,34,34,512,512,False,1.0,0,Low
2026-07-20 00:12:58,34,34,512,512,False,1.0,0,Low
2026-07-20 04:05:57,27,34,645,512,False,0.7941,133,Low
2026-07-20 07:24:16,25,33,696,528,False,0.7576,168,Low
2026-07-20 10:23:43,25,34,696,512,False,0.7353,184,Low
2026-07-20 12:29:45,21,35,829,497,False,0.6,332,Medium
2026-07-20 14:41:11,22,34,792,512,False,0.6471,280,Medium
2026-07-20 16:14:32,26,34,670,512,False,0.7647,158,Low
2026-07-20 18:21:48,34,34,512,512,False,1.0,0,Low
2026-07-20 20:01:22,34,34,512,512,False,1.0,0,Low
2026-07-20 21:18:34,34,34,512,512,False,1.0,0,Low
2026-07-20 22:16:38,34,34,512,512,False,1.0,0,Low
2026-07-20 23:26:31,34,34,512,512,False,1.0,0,Low
2026-07-21 00:57:43,34,34,512,512,False,1.0,0,Low
2026-07-21 04:16:49,30,36,580,484,False,0.8333,96,Low
2026-07-21 06:43:55,23,35,757,497,False,0.6571,260,Medium
2026-07-21 09:17:14,28,35,622,497,False,0.8,125,Low
2026-07-21 11:20:25,24,35,726,497,False,0.6857,229,Medium
2026-07-21 12:48:13,22,34,792,512,False,0.6471,280,Medium
2026-07-21 14:50:51,28,35,622,497,False,0.8,125,Low
2026-07-21 16:10:33,31,35,562,497,False,0.8857,65,Low
2026-07-21 17:44:40,34,34,512,512,False,1.0,0,Low
2026-07-21 18:57:14,34,34,512,512,False,1.0,0,Low
2026-07-21 20:19:20,34,34,512,512,False,1.0,0,Low
2026-07-21 21:36:24,34,34,512,512,False,1.0,0,Low
2026-07-21 22:32:43,34,34,512,512,False,1.0,0,Low
2026-07-21 23:34:25,34,34,512,512,False,1.0,0,Low
2026-07-22 01:02:59,34,34,512,512,False,1.0,0,Low
2026-07-22 04:27:20,30,35,580,497,False,0.8571,83,Low
2026-07-22 07:12:04,26,34,670,512,False,0.7647,158,Low
2026-07-22 09:38:55,25,35,696,497,False,0.7143,199,Low
2026-07-22 11:28:57,27,35,645,497,False,0.7714,148,Low
2026-07-22 13:04:05,22,34,792,512,False,0.6471,280,Medium
2026-07-22 15:10:52,25,33,696,528,False,0.7576,168,Low
2026-07-22 16:44:55,28,34,622,512,False,0.8235,110,Low
2026-07-22 17:55:47,34,34,512,512,False,1.0,0,Low
2026-07-22 19:15:44,34,34,512,512,False,1.0,0,Low
2026-07-22 20:33:19,34,34,512,512,False,1.0,0,Low
2026-07-22 21:42:30,34,34,512,512,False,1.0,0,Low
2026-07-22 22:40:06,34,34,512,512,False,1.0,0,Low
2026-07-22 23:40:13,34,34,512,512,False,1.0,0,Low
2026-07-23 01:12:07,34,34,512,512,False,1.0,0,Low
2026-07-23 04:34:31,29,35,600,497,False,0.8286,103,Low
2026-07-23 07:13:01,22,33,792,528,False,0.6667,264,Medium
2026-07-23 09:37:04,27,35,645,497,False,0.7714,148,Low
2026-07-23 11:29:26,26,35,670,497,False,0.7429,173,Low
2026-07-23 13:06:16,20,34,871,512,False,0.5882,359,Medium
2026-07-23 15:21:17,26,35,670,497,False,0.7429,173,Low
2026-07-23 16:52:08,31,35,562,497,False,0.8857,65,Low
2026-07-23 18:06:07,34,34,512,512,False,1.0,0,Low
2026-07-23 19:41:24,34,34,512,512,False,1.0,0,Low
2026-07-23 20:42:40,34,34,512,512,False,1.0,0,Low
2026-07-23 21:44:24,34,34,512,512,False,1.0,0,Low
2026-07-23 22:39:20,34,34,512,512,False,1.0,0,Low
2026-07-23 23:37:43,34,34,512,512,False,1.0,0,Low
2026-07-24 01:05:42,34,34,512,512,False,1.0,0,Low
2026-07-24 04:27:29,27,33,645,528,False,0.8182,117,Low
2026-07-24 07:08:22,22,33,792,528,False,0.6667,264,Medium
2026-07-24 09:31:24,25,33,696,528,False,0.7576,168,Low
2026-07-24 11:19:29,22,35,792,497,False,0.6286,295,Medium
2026-07-24 12:49:50,20,35,871,497,False,0.5714,374,Medium
2026-07-24 14:28:45,21,34,829,512,False,0.6176,317,Medium
2026-07-24 15:56:46,25,34,696,512,False,0.7353,184,Low
2026-07-24 17:37:57,34,34,512,512,False,1.0,0,Low
2026-07-24 19:03:39,34,34,512,512,False,1.0,0,Low
2026-07-24 20:37:59,34,34,512,512,False,1.0,0,Low
2026-07-24 21:43:39,34,34,512,512,False,1.0,0,Low
2026-07-24 22:43:43,34,34,512,512,False,1.0,0,Low
2026-07-24 23:45:07,34,34,512,512,False,1.0,0,Low
2026-07-25 01:12:59,34,34,512,512,False,1.0,0,Low
2026-07-25 04:29:20,34,34,512,512,False,1.0,0,Low
2026-07-25 06:40:32,26,34,670,512,False,0.7647,158,Low
2026-07-25 08:50:12,26,35,670,497,False,0.7429,173,Low
2026-07-25 10:17:58,26,35,670,497,False,0.7429,173,Low
2026-07-25 11:38:27,28,35,622,497,False,0.8,125,Low
2026-07-25 12:42:35,25,34,696,512,False,0.7353,184,Low
2026-07-25 14:18:51,23,34,757,512,False,0.6765,245,Medium
2026-07-25 15:32:42,34,34,512,512,False,1.0,0,Low
2026-07-25 16:28:06,30,35,580,497,False,0.8571,83,Low
2026-07-25 17:31:55,34,34,512,512,False,1.0,0,Low
2026-07-25 18:32:07,34,34,512,512,False,1.0,0,Low
2026-07-25 19:48:12,34,34,512,512,False,1.0,0,Low
2026-07-25 20:35:57,34,34,512,512,False,1.0,0,Low
2026-07-25 21:31:24,34,34,512,512,False,1.0,0,Low
2026-07-25 22:30:48,34,34,512,512,False,1.0,0,Low
2026-07-25 23:34:07,34,34,512,512,False,1.0,0,Low
2026-07-26 01:10:37,34,34,512,512,False,1.0,0,Low
2026-07-26 04:41:16,34,34,512,512,False,1.0,0,Low
2026-07-26 07:19:46,27,34,645,512,False,0.7941,133,Low
2026-07-26 09:27:59,34,34,512,512,False,1.0,0,Low
2026-07-26 11:03:11,29,34,600,512,False,0.8529,88,Low
2026-07-26 12:11:34,30,35,580,497,False,0.8571,83,Low
2026-07-26 13:56:14,27,33,645,528,False,0.8182,117,Low
2026-07-26 15:04:19,25,33,696,528,False,0.7576,168,Low
2026-07-26 16:11:22,34,34,512,512,False,1.0,0,Low
2026-07-26 17:15:01,34,34,512,512,False,1.0,0,Low
2026-07-26 18:13:34,34,34,512,512,False,1.0,0,Low
2026-07-26 19:36:04,34,34,512,512,False,1.0,0,Low
2026-07-26 20:33:28,34,34,512,512,False,1.0,0,Low
2026-07-26 21:31:53,34,34,512,512,False,1.0,0,Low
2026-07-26 22:34:09,34,34,512,512,False,1.0,0,Low
2026-07-26 23:35:35,34,34,512,512,False,1.0,0,Low
2026-07-27 01:14:31,34,34,512,512,False,1.0,0,Low
2026-07-27 04:54:33,28,35,622,497,False,0.8,125,Low
2026-07-27 08:25:49,26,34,670,512,False,0.7647,158,Low
2026-07-27 11:50:33,26,34,670,512,False,0.7647,158,Low
2026-07-27 14:01:53,23,35,757,497,False,0.6571,260,Medium
2026-07-27 16:29:22,34,34,512,512,False,1.0,0,Low
2026-07-27 18:07:51,34,34,512,512,False,1.0,0,Low
2026-07-27 19:51:16,34,34,512,512,False,1.0,0,Low
2026-07-27 20:57:13,34,34,512,512,False,1.0,0,Low
2026-07-27 22:09:54,34,34,512,512,False,1.0,0,Low
2026-07-27 23:18:58,34,34,512,512,False,1.0,0,Low
2026-07-28 00:14:01,34,34,512,512,False,1.0,0,Low
2026-07-28 03:39:09,34,34,512,512,False,1.0,0,Low
2026-07-28 06:13:44,24,32,726,544,False,0.75,182,Low
2026-07-28 09:06:19,28,35,622,497,False,0.8,125,Low
2026-07-28 11:25:47,27,35,645,497,False,0.7714,148,Low
2026-07-28 13:09:05,25,35,696,497,False,0.7143,199,Low
2026-07-28 15:32:05,28,35,622,497,False,0.8,125,Low
2026-07-28 17:04:07,34,34,512,512,False,1.0,0,Low
2026-07-28 18:38:26,34,34,512,512,False,1.0,0,Low
2026-07-28 20:05:32,34,34,512,512,False,1.0,0,Low
2026-07-28 21:18:14,34,34,512,512,False,1.0,0,Low
2026-07-28 22:27:59,34,34,512,512,False,1.0,0,Low
2026-07-28 23:31:07,34,34,512,512,False,1.0,0,Low
2026-07-29 01:02:05,34,34,512,512,False,1.0,0,Low
2026-07-29 04:21:10,28,35,622,497,False,0.8,125,Low
2026-07-29 07:10:19,21,34,829,512,False,0.6176,317,Medium
2026-07-29 09:48:23,26,35,670,497,False,0.7429,173,Low
2026-07-29 11:50:46,24,34,726,512,False,0.7059,214,Low
2026-07-29 13:27:46,23,34,757,512,False,0.6765,245,Medium
2026-07-29 15:30:13,26,33,670,528,False,0.7879,142,Low
2026-07-29 16:52:13,34,34,512,512,False,1.0,0,Low
2026-07-29 18:00:01,34,34,512,512,False,1.0,0,Low
2026-07-29 19:36:06,34,34,512,512,False,1.0,0,Low
2026-07-29 20:33:33,34,34,512,512,False,1.0,0,Low
2026-07-29 21:30:52,34,34,512,512,False,1.0,0,Low
2026-07-29 22:31:56,34,34,512,512,False,1.0,0,Low
2026-07-29 23:35:09,34,34,512,512,False,1.0,0,Low
2026-07-30 00:59:33,34,34,512,512,False,1.0,0,Low
2026-07-30 04:12:06,29,35,600,497,False,0.8286,103,Low
2026-07-30 06:41:38,27,34,645,512,False,0.7941,133,Low
2026-07-30 09:18:21,27,36,645,484,False,0.75,161,Low
2026-07-30 11:24:07,24,34,726,512,False,0.7059,214,Low
2026-07-30 13:02:51,18,34,968,512,False,0.5294,456,Medium
2026-07-30 15:19:45,28,35,622,497,False,0.8,125,Low
2026-07-30 16:54:09,34,34,512,512,False,1.0,0,Low
2026-07-30 18:11:40,34,34,512,512,False,1.0,0,Low
2026-07-30 19:51:58,34,34,512,512,False,1.0,0,Low
2026-07-30 20:53:20,34,34,512,512,False,1.0,0,Low
2026-07-30 22:00:00,34,34,512,512,False,1.0,0,Low
2026-07-30 23:13:54,34,34,512,512,False,1.0,0,Low
2026-07-31 00:16:19,34,34,512,512,False,1.0,0,Low
2026-07-31 03:54:56,24,33,726,528,False,0.7273,198,Low
2026-07-31 06:40:07,26,34,670,512,False,0.7647,158,Low
2026-07-31 09:31:16,27,35,645,497,False,0.7714,148,Low
2026-07-31 11:39:18,22,34,792,512,False,0.6471,280,Medium
2026-07-31 13:18:05,21,34,829,512,False,0.6176,317,Medium
2026-07-31 15:32:08,22,34,792,512,False,0.6471,280,Medium
2026-07-31 17:08:01,25,33,696,528,False,0.7576,168,Low
2026-07-31 18:43:03,34,34,512,512,False,1.0,0,Low
2026-07-31 20:08:54,34,34,512,512,False,1.0,0,Low
2026-07-31 21:19:53,34,34,512,512,False,1.0,0,Low
2026-07-31 22:27:38,34,34,512,512,False,1.0,0,Low
2026-07-31 23:31:44,34,34,512,512,False,1.0,0,Low
2026-08-01 01:07:52,34,34,512,512,False,1.0,0,Low
2026-08-01 04:32:36,25,34,696,512,False,0.7353,184,Low
2026-08-01 07:06:10,28,34,622,512,False,0.8235,110,Low
2026-08-01 09:16:59,23,35,757,497,False,0.6571,260,Medium
2026-08-01 10:51:57,25,34,696,512,False,0.7353,184,Low
2026-08-01 11:53:20,25,34,696,512,False,0.7353,184,Low
2026-08-01 13:00:19,21,34,829,512,False,0.6176,317,Medium
2026-08-01 14:38:25,26,35,670,497,False,0.7429,173,Low
2026-08-01 15:42:26,25,33,696,528,False,0.7576,168,Low
2026-08-01 16:37:36,26,34,670,512,False,0.7647,158,Low
2026-08-01 17:41:41,34,34,512,512,False,1.0,0,Low
2026-08-01 18:40:21,34,34,512,512,False,1.0,0,Low
2026-08-01 19:54:08,34,34,512,512,False,1.0,0,Low
2026-08-01 20:42:37,34,34,512,512,False,1.0,0,Low
2026-08-01 21:37:47,34,34,512,512,False,1.0,0,Low
2026-08-01 22:36:03,34,34,512,512,False,1.0,0,Low
2026-08-01 23:35:49,34,34,512,512,False,1.0,0,Low
2026-08-02 01:11:14,34,34,512,512,False,1.0,0,Low
2026-08-02 04:37:25,34,34,512,512,False,1.0,0,Low
2026-08-02 07:15:10,24,33,726,528,False,0.7273,198,Low
2026-08-02 09:24:20,31,35,562,497,False,0.8857,65,Low
2026-08-02 10:57:07,27,35,645,497,False,0.7714,148,Low
2026-08-02 12:03:53,30,35,580,497,False,0.8571,83,Low
2026-08-02 13:47:49,25,34,696,512,False,0.7353,184,Low
2026-08-02 14:51:14,28,34,622,512,False,0.8235,110,Low
2026-08-02 15:47:40,34,34,512,512,False,1.0,0,Low
2026-08-02 16:40:07,34,34,512,512,False,1.0,0,Low
2026-08-02 17:43:52,34,34,512,512,False,1.0,0,Low
2026-08-02 18:43:21,34,34,512,512,False,1.0,0,Low
2026-08-02 19:56:15,34,34,512,512,False,1.0,0,Low
2026-08-02 20:54:58,34,34,512,512,False,1.0,0,Low
2026-08-02 21:51:43,34,34,512,512,False,1.0,0,Low
2026-08-02 22:42:32,34,34,512,512,False,1.0,0,Low
2026-08-02 23:42:51,34,34,512,512,False,1.0,0,Low
2026-08-03 01:15:54,34,34,512,512,False,1.0,0,Low
2026-08-03 04:50:41,32,35,544,497,False,0.9143,47,Low
2026-08-03 08:16:38,23,34,757,512,False,0.6765,245,Medium
2026-08-03 11:48:10,23,34,757,512,False,0.6765,245,Medium
2026-08-03 14:04:54,21,33,829,528,False,0.6364,301,Medium
2026-08-03 16:36:37,34,34,512,512,False,1.0,0,Low
2026-08-03 18:23:22,34,34,512,512,False,1.0,0,Low
2026-08-03 20:07:41,34,34,512,512,False,1.0,0,Low
2026-08-03 21:19:05,34,34,512,512,False,1.0,0,Low
2026-08-03 22:29:33,34,34,512,512,False,1.0,0,Low
2026-08-03 23:40:20,34,34,512,512,False,1.0,0,Low
2026-08-04 01:05:21,34,34,512,512,False,1.0,0,Low
2026-08-04 04:26:02,26,34,670,512,False,0.7647,158,Low
2026-08-04 07:12:18,25,35,696,497,False,0.7143,199,Low
2026-08-04 09:58:02,26,34,670,512,False,0.7647,158,Low
2026-08-04 12:03:32,25,36,696,484,False,0.6944,212,Medium
2026-08-04 14:35:12,20,34,871,512,False,0.5882,359,Medium
2026-08-04 16:28:19,27,33,645,528,False,0.8182,117,Low
2026-08-04 18:11:40,34,34,512,512,False,1.0,0,Low
2026-08-04 19:55:50,34,34,512,512,False,1.0,0,Low
2026-08-04 21:11:05,34,34,512,512,False,1.0,0,Low
2026-08-04 22:28:49,34,34,512,512,False,1.0,0,Low
2026-08-04 23:34:30,34,34,512,512,False,1.0,0,Low
2026-08-05 00:59:18,34,34,512,512,False,1.0,0,Low
2026-08-05 04:17:12,25,34,696,512,False,0.7353,184,Low
2026-08-05 06:45:58,26,35,670,497,False,0.7429,173,Low
2026-08-05 09:27:14,24,33,726,528,False,0.7273,198,Low
2026-08-05 11:36:55,26,35,670,497,False,0.7429,173,Low
2026-08-05 13:19:10,18,35,968,497,False,0.5143,471,Medium
2026-08-05 15:32:14,24,35,726,497,False,0.6857,229,Medium
2026-08-05 17:05:21,34,34,512,512,False,1.0,0,Low
2026-08-05 18:44:56,34,34,512,512,False,1.0,0,Low
2026-08-05 20:16:24,34,34,512,512,False,1.0,0,Low
2026-08-05 21:36:43,34,34,512,512,False,1.0,0,Low
2026-08-05 22:39:43,34,34,512,512,False,1.0,0,Low
2026-08-05 23:37:10,34,34,512,512,False,1.0,0,Low
2026-08-06 01:01:56,34,34,512,512,False,1.0,0,Low
2026-08-06 04:22:26,26,33,670,528,False,0.7879,142,Low
2026-08-06 07:10:32,26,35,670,497,False,0.7429,173,Low
2026-08-06 09:50:32,25,34,696,512,False,0.7353,184,Low
2026-08-06 11:52:56,20,35,871,497,False,0.5714,374,Medium
2026-08-06 13:42:00,19,33,917,528,False,0.5758,389,Medium
2026-08-06 22:34:12,34,34,512,512,False,1.0,0,Low
2026-08-07 01:36:14,34,34,512,512,False,1.0,0,Low
2026-08-07 04:13:51,27,34,645,512,False,0.7941,133,Low
2026-08-07 05:51:45,30,35,580,497,False,0.8571,83,Low
2026-08-07 06:56:33,25,33,696,528,False,0.7576,168,Low
2026-08-07 08:13:57,27,34,645,512,False,0.7941,133,Low
2026-08-07 09:16:38,27,35,645,497,False,0.7714,148,Low
2026-08-07 10:14:09,27,35,645,497,False,0.7714,148,Low
2026-08-07 11:08:45,26,34,670,512,False,0.7647,158,Low
2026-08-07 11:54:57,24,35,726,497,False,0.6857,229,Medium
2026-08-07 12:54:40,21,34,829,512,False,0.6176,317,Medium
2026-08-07 14:09:14,16,32,1089,544,False,0.5,545,Medium
2026-08-07 15:07:20,22,36,792,484,False,0.6111,308,Medium
2026-08-07 16:06:44,22,34,792,512,False,0.6471,280,Medium
2026-08-07 17:04:19,27,33,645,528,False,0.8182,117,Low
2026-08-07 17:57:26,34,34,512,512,False,1.0,0,Low
2026-08-07 19:00:44,34,34,512,512,False,1.0,0,Low
2026-08-07 19:54:47,34,34,512,512,False,1.0,0,Low
2026-08-07 20:35:44,34,34,512,512,False,1.0,0,Low
2026-08-07 21:19:46,34,34,512,512,False,1.0,0,Low
2026-08-07 21:59:57,34,34,512,512,False,1.0,0,Low
2026-08-07 22:47:07,34,34,512,512,False,1.0,0,Low
2026-08-07 23:19:51,34,34,512,512,False,1.0,0,Low
2026-08-07 23:52:10,34,34,512,512,False,1.0,0,Low
2026-08-08 00:46:32,34,34,512,512,False,1.0,0,Low
2026-08-08 02:45:31,34,34,512,512,False,1.0,0,Low
2026-08-08 03:58:32,34,34,512,512,False,1.0,0,Low
2026-08-08 05:03:37,24,34,726,512,False,0.7059,214,Low
2026-08-08 05:52:09,25,33,696,528,False,0.7576,168,Low
2026-08-08 06:32:02,27,35,645,497,False,0.7714,148,Low
2026-08-08 07:31:46,21,33,829,528,False,0.6364,301,Medium
2026-08-08 08:08:26,26,35,670,497,False,0.7429,173,Low
2026-08-08 08:57:11,24,35,726,497,False,0.6857,229,Medium
2026-08-08 09:39:47,24,36,726,484,False,0.6667,242,Medium
2026-08-08 10:07:03,27,34,645,512,False,0.7941,133,Low
2026-08-08 10:48:49,26,35,670,497,False,0.7429,173,Low
2026-08-08 11:14:55,25,35,696,497,False,0.7143,199,Low
2026-08-08 11:46:42,23,36,757,484,False,0.6389,273,Medium
2026-08-08 12:16:06,21,35,829,497,False,0.6,332,Medium
2026-08-08 13:15:06,22,35,792,497,False,0.6286,295,Medium
2026-08-08 13:59:13,20,35,871,497,False,0.5714,374,Medium
2026-08-08 14:38:49,21,33,829,528,False,0.6364,301,Medium
2026-08-08 15:02:11,25,35,696,497,False,0.7143,199,Low
2026-08-08 15:38:42,25,34,696,512,False,0.7353,184,Low
2026-08-08 16:01:04,29,35,600,497,False,0.8286,103,Low
2026-08-08 16:46:09,30,34,580,512,False,0.8824,68,Low
2026-08-08 17:14:50,27,33,645,528,False,0.8182,117,Low
2026-08-08 17:48:13,34,34,512,512,False,1.0,0,Low
2026-08-08 18:15:09,34,34,512,512,False,1.0,0,Low
2026-08-08 19:01:49,34,34,512,512,False,1.0,0,Low
2026-08-08 19:37:50,34,34,512,512,False,1.0,0,Low
2026-08-08 20:00:19,34,34,512,512,False,1.0,0,Low
2026-08-08 20:39:15,34,34,512,512,False,1.0,0,Low
2026-08-08 21:04:07,34,34,512,512,False,1.0,0,Low
2026-08-08 21:41:29,34,34,512,512,False,1.0,0,Low
2026-08-08 22:02:22,34,34,512,512,False,1.0,0,Low
2026-08-08 22:39:40,34,34,512,512,False,1.0,0,Low
2026-08-08 23:03:28,34,34,512,512,False,1.0,0,Low
2026-08-08 23:38:35,34,34,512,512,False,1.0,0,Low
2026-08-09 00:00:45,34,34,512,512,False,1.0,0,Low
2026-08-09 02:21:43,34,34,512,512,False,1.0,0,Low
2026-08-09 03:55:33,34,34,512,512,False,1.0,0,Low
2026-08-09 05:01:58,34,34,512,512,False,1.0,0,Low
2026-08-09 05:53:15,27,34,645,512,False,0.7941,133,Low
2026-08-09 06:40:03,26,33,670,528,False,0.7879,142,Low
2026-08-09 07:39:54,27,33,645,528,False,0.8182,117,Low
2026-08-09 08:22:40,30,35,580,497,False,0.8571,83,Low
2026-08-09 09:08:30,27,34,645,512,False,0.7941,133,Low
2026-08-09 09:54:04,25,35,696,497,False,0.7143,199,Low
2026-08-09 10:26:07,23,35,757,497,False,0.6571,260,Medium
2026-08-09 11:01:54,27,34,645,512,False,0.7941,133,Low
2026-08-09 11:38:06,27,35,645,497,False,0.7714,148,Low
2026-08-09 12:00:47,26,34,670,512,False,0.7647,158,Low
2026-08-09 13:08:33,26,33,670,528,False,0.7879,142,Low
2026-08-09 13:56:46,26,33,670,528,False,0.7879,142,Low
2026-08-09 14:34:55,24,34,726,512,False,0.7059,214,Low
2026-08-09 15:04:20,28,35,622,497,False,0.8,125,Low
2026-08-09 15:41:47,34,34,512,512,False,1.0,0,Low
2026-08-09 16:04:21,25,32,696,544,False,0.7812,152,Low
2026-08-09 16:49:28,34,34,512,512,False,1.0,0,Low
2026-08-09 17:17:38,33,35,528,497,False,0.9429,31,Low
2026-08-09 17:51:36,34,34,512,512,False,1.0,0,Low
2026-08-09 18:20:21,34,34,512,512,False,1.0,0,Low
2026-08-09 19:07:45,34,34,512,512,False,1.0,0,Low
2026-08-09 19:45:53,34,34,512,512,False,1.0,0,Low
2026-08-09 20:12:44,34,34,512,512,False,1.0,0,Low
2026-08-09 20:52:24,34,34,512,512,False,1.0,0,Low
2026-08-09 21:20:43,34,34,512,512,False,1.0,0,Low
2026-08-09 21:53:48,34,34,512,512,False,1.0,0,Low
2026-08-09 22:22:17,34,34,512,512,False,1.0,0,Low
2026-08-09 22:56:04,34,34,512,512,False,1.0,0,Low
2026-08-09 23:30:23,34,34,512,512,False,1.0,0,Low
2026-08-10 00:00:54,34,34,512,512,False,1.0,0,Low
2026-08-10 02:27:02,28,33,622,528,False,0.8485,94,Low
2026-08-10 04:12:59,27,35,645,497,False,0.7714,148,Low
2026-08-10 05:44:26,25,33,696,528,False,0.7576,168,Low
2026-08-10 06:57:30,27,33,645,528,False,0.8182,117,Low
2026-08-10 08:40:36,29,35,600,497,False,0.8286,103,Low
2026-08-10 10:01:09,23,33,757,528,False,0.697,229,Medium
2026-08-10 11:15:59,24,34,726,512,False,0.7059,214,Low
2026-08-10 12:02:11,23,34,757,512,False,0.6765,245,Medium
2026-08-10 13:35:59,17,34,1024,512,False,0.5,512,Medium
2026-08-10 14:40:15,23,36,757,484,False,0.6389,273,Medium
2026-08-10 15:36:23,26,35,670,497,False,0.7429,173,Low
2026-08-10 16:27:51,26,34,670,512,False,0.7647,158,Low
2026-08-10 17:26:22,34,34,512,512,False,1.0,0,Low
2026-08-10 18:13:03,34,34,512,512,False,1.0,0,Low
2026-08-10 19:18:04,34,34,512,512,False,1.0,0,Low
2026-08-10 20:05:13,34,34,512,512,False,1.0,0,Low
2026-08-10 20:56:49,34,34,512,512,False,1.0,0,Low
2026-08-10 21:41:30,34,34,512,512,False,1.0,0,Low
2026-08-10 22:19:42,34,34,512,512,False,1.0,0,Low
2026-08-10 23:00:22,34,34,512,512,False,1.0,0,Low
2026-08-10 23:43:54,34,34,512,512,False,1.0,0,Low
2026-08-11 00:35:12,34,34,512,512,False,1.0,0,Low
2026-08-11 02:38:15,26,33,670,528,False,0.7879,142,Low
2026-08-11 04:05:33,25,34,696,512,False,0.7353,184,Low
2026-08-11 05:18:36,23,34,757,512,False,0.6765,245,Medium
2026-08-11 06:08:44,28,35,622,497,False,0.8,125,Low
2026-08-11 07:33:48,28,35,622,497,False,0.8,125,Low
2026-08-11 08:33:04,28,35,622,497,False,0.8,125,Low
2026-08-11 09:35:01,22,33,792,528,False,0.6667,264,Medium
2026-08-11 10:29:15,27,35,645,497,False,0.7714,148,Low
2026-08-11 11:23:15,23,35,757,497,False,0.6571,260,Medium
2026-08-11 12:05:33,18,35,968,497,False,0.5143,471,Medium
2026-08-11 13:36:23,17,34,1024,512,False,0.5,512,Medium
2026-08-11 14:40:35,22,34,792,512,False,0.6471,280,Medium
2026-08-11 15:37:57,27,34,645,512,False,0.7941,133,Low
2026-08-11 16:32:30,28,34,622,512,False,0.8235,110,Low
2026-08-11 17:33:08,34,34,512,512,False,1.0,0,Low
2026-08-11 18:29:08,34,34,512,512,False,1.0,0,Low
2026-08-11 19:36:50,34,34,512,512,False,1.0,0,Low
2026-08-11 20:21:40,34,34,512,512,False,1.0,0,Low
2026-08-11 21:10:01,34,34,512,512,False,1.0,0,Low
2026-08-11 22:03:16,34,34,512,512,False,1.0,0,Low
2026-08-11 22:56:16,34,34,512,512,False,1.0,0,Low
2026-08-11 23:39:18,34,34,512,512,False,1.0,0,Low
2026-08-12 00:41:54,34,34,512,512,False,1.0,0,Low
2026-08-12 03:11:05,34,34,512,512,False,1.0,0,Low
2026-08-12 05:01:55,29,34,600,512,False,0.8529,88,Low
2026-08-12 06:22:20,29,35,600,497,False,0.8286,103,Low
2026-08-12 07:57:25,28,34,622,512,False,0.8235,110,Low
2026-08-12 09:14:08,29,35,600,497,False,0.8286,103,Low
2026-08-12 10:27:41,27,34,645,512,False,0.7941,133,Low
2026-08-12 11:22:49,24,35,726,497,False,0.6857,229,Medium
2026-08-12 12:05:20,25,34,696,512,False,0.7353,184,Low
2026-08-12 13:39:29,23,34,757,512,False,0.6765,245,Medium
2026-08-12 15:39:58,25,33,696,528,False,0.7576,168,Low
2026-08-12 16:34:54,30,35,580,497,False,0.8571,83,Low
2026-08-12 17:35:57,34,34,512,512,False,1.0,0,Low
2026-08-12 18:31:20,34,34,512,512,False,1.0,0,Low
2026-08-12 19:41:14,34,34,512,512,False,1.0,0,Low
2026-08-12 20:22:10,34,34,512,512,False,1.0,0,Low
2026-08-12 21:09:46,34,34,512,512,False,1.0,0,Low
2026-08-12 22:01:16,34,34,512,512,False,1.0,0,Low
2026-08-12 22:53:05,34,34,512,512,False,1.0,0,Low
2026-08-12 23:30:52,34,34,512,512,False,1.0,0,Low
2026-08-13 00:09:38,34,34,512,512,False,1.0,0,Low
2026-08-13 02:45:18,28,34,622,512,False,0.8235,110,Low
2026-08-13 04:31:24,34,34,512,512,False,1.0,0,Low
2026-08-13 06:01:47,27,34,645,512,False,0.7941,133,Low
2026-08-13 07:46:46,28,34,622,512,False,0.8235,110,Low
2026-08-13 08:56:10,34,34,512,512,False,1.0,0,Low
2026-08-13 10:04:46,27,34,645,512,False,0.7941,133,Low
2026-08-13 11:08:36,25,34,696,512,False,0.7353,184,Low
2026-08-13 11:57:06,25,34,696,512,False,0.7353,184,Low
2026-08-13 13:14:42,24,35,726,497,False,0.6857,229,Medium
2026-08-13 14:33:15,24,35,726,497,False,0.6857,229,Medium
2026-08-13 15:33:13,30,34,580,512,False,0.8824,68,Low
2026-08-13 16:29:18,34,34,512,512,False,1.0,0,Low
2026-08-13 17:31:33,34,34,512,512,False,1.0,0,Low
2026-08-13 18:30:08,34,34,512,512,False,1.0,0,Low
2026-08-13 19:36:49,34,34,512,512,False,1.0,0,Low
2026-08-13 20:17:09,34,34,512,512,False,1.0,0,Low
2026-08-13 21:07:03,34,34,512,512,False,1.0,0,Low
2026-08-13 21:59:16,34,34,512,512,False,1.0,0,Low
2026-08-13 22:52:38,34,34,512,512,False,1.0,0,Low
2026-08-13 23:30:44,34,34,512,512,False,1.0,0,Low
2026-08-14 00:09:48,34,34,512,512,False,1.0,0,Low
2026-08-14 02:44:27,34,34,512,512,False,1.0,0,Low
2026-08-14 04:29:39,30,36,580,484,False,0.8333,96,Low
2026-08-14 05:59:46,25,33,696,528,False,0.7576,168,Low
2026-08-14 07:43:01,25,34,696,512,False,0.7353,184,Low
2026-08-14 08:48:12,29,35,600,497,False,0.8286,103,Low
2026-08-14 09:45:33,28,35,622,497,False,0.8,125,Low
2026-08-14 10:42:10,27,35,645,497,False,0.7714,148,Low
2026-08-14 11:28:53,19,35,917,497,False,0.5429,420,Medium
2026-08-14 12:11:06,22,35,792,497,False,0.6286,295,Medium
2026-08-14 13:42:00,19,35,917,497,False,0.5429,420,Medium
2026-08-14 14:39:18,16,32,1089,544,False,0.5,545,Medium
2026-08-14 15:30:19,22,35,792,497,False,0.6286,295,Medium
2026-08-14 16:26:15,24,35,726,497,False,0.6857,229,Medium
2026-08-14 17:28:23,28,35,622,497,False,0.8,125,Low
2026-08-14 18:26:03,34,34,512,512,False,1.0,0,Low
2026-08-14 19:28:25,34,34,512,512,False,1.0,0,Low
2026-08-14 20:03:57,34,34,512,512,False,1.0,0,Low
2026-08-14 20:39:32,34,34,512,512,False,1.0,0,Low
2026-08-14 21:01:33,34,34,512,512,False,1.0,0,Low
2026-08-14 21:34:23,34,34,512,512,False,1.0,0,Low
2026-08-14 21:54:20,34,34,512,512,False,1.0,0,Low
2026-08-14 22:16:21,34,34,512,512,False,1.0,0,Low
2026-08-14 22:43:12,34,34,512,512,False,1.0,0,Low
2026-08-14 23:00:59,34,34,512,512,False,1.0,0,Low
2026-08-14 23:29:35,34,34,512,512,False,1.0,0,Low
2026-08-14 23:50:30,34,34,512,512,False,1.0,0,Low
2026-08-15 00:25:20,34,34,512,512,False,1.0,0,Low
2026-08-15 01:55:42,34,34,512,512,False,1.0,0,Low
2026-08-15 02:49:37,34,34,512,512,False,1.0,0,Low
2026-08-15 03:25:45,34,34,512,512,False,1.0,0,Low
2026-08-15 04:03:09,34,34,512,512,False,1.0,0,Low
2026-08-15 04:40:52,27,34,645,512,False,0.7941,133,Low
2026-08-15 05:02:06,34,34,512,512,False,1.0,0,Low
2026-08-15 05:34:40,25,33,696,528,False,0.7576,168,Low
2026-08-15 05:56:10,31,34,562,512,False,0.9118,50,Low
2026-08-15 06:36:01,29,35,600,497,False,0.8286,103,Low
2026-08-15 07:12:54,28,35,622,497,False,0.8,125,Low
2026-08-15 07:44:36,26,34,670,512,False,0.7647,158,Low
2026-08-15 08:01:34,21,34,829,512,False,0.6176,317,Medium
2026-08-15 08:39:05,27,35,645,497,False,0.7714,148,Low
2026-08-15 09:01:50,26,35,670,497,False,0.7429,173,Low
2026-08-15 09:33:58,28,34,622,512,False,0.8235,110,Low
2026-08-15 09:54:15,29,35,600,497,False,0.8286,103,Low
2026-08-15 10:15:56,29,35,600,497,False,0.8286,103,Low
2026-08-15 10:42:38,28,35,622,497,False,0.8,125,Low
2026-08-15 10:59:10,27,34,645,512,False,0.7941,133,Low
2026-08-15 11:27:16,25,33,696,528,False,0.7576,168,Low
2026-08-15 11:45:28,23,34,757,512,False,0.6765,245,Medium
2026-08-15 11:58:55,26,35,670,497,False,0.7429,173,Low
2026-08-15 12:50:16,28,35,622,497,False,0.8,125,Low
2026-08-15 13:20:16,27,35,645,497,False,0.7714,148,Low
2026-08-15 13:47:33,27,33,645,528,False,0.8182,117,Low
2026-08-15 14:02:12,27,33,645,528,False,0.8182,117,Low
2026-08-15 14:32:25,29,35,600,497,False,0.8286,103,Low
2026-08-15 14:53:07,27,35,645,497,False,0.7714,148,Low
2026-08-15 15:11:28,26,35,670,497,False,0.7429,173,Low
2026-08-15 15:34:45,28,34,622,512,False,0.8235,110,Low
2026-08-15 15:52:33,30,34,580,512,False,0.8824,68,Low
2026-08-15 16:11:47,29,35,600,497,False,0.8286,103,Low
2026-08-15 16:41:21,28,34,622,512,False,0.8235,110,Low
2026-08-15 17:00:11,34,34,512,512,False,1.0,0,Low
2026-08-15 17:27:58,34,34,512,512,False,1.0,0,Low
2026-08-15 17:47:26,34,34,512,512,False,1.0,0,Low
2026-08-15 18:00:19,34,34,512,512,False,1.0,0,Low
2026-08-15 18:40:26,34,34,512,512,False,1.0,0,Low
2026-08-15 19:02:21,34,34,512,512,False,1.0,0,Low
2026-08-15 19:28:54,34,34,512,512,False,1.0,0,Low
2026-08-15 19:47:25,34,34,512,512,False,1.0,0,Low
2026-08-15 20:00:04,34,34,512,512,False,1.0,0,Low
2026-08-15 20:31:26,34,34,512,512,False,1.0,0,Low
2026-08-15 20:52:14,34,34,512,512,False,1.0,0,Low
2026-08-15 21:10:16,34,34,512,512,False,1.0,0,Low
2026-08-15 21:33:50,34,34,512,512,False,1.0,0,Low
2026-08-15 21:51:32,34,34,512,512,False,1.0,0,Low
2026-08-15 22:06:53,34,34,512,512,False,1.0,0,Low
2026-08-15 22:34:45,34,34,512,512,False,1.0,0,Low
2026-08-15 22:54:05,34,34,512,512,False,1.0,0,Low
2026-08-15 23:13:45,34,34,512,512,False,1.0,0,Low
2026-08-15 23:35:47,34,34,512,512,False,1.0,0,Low
2026-08-15 23:53:02,34,34,512,512,False,1.0,0,Low
2026-08-16 00:43:50,34,34,512,512,False,1.0,0,Low
2026-08-16 02:11:21,34,34,512,512,False,1.0,0,Low
2026-08-16 03:12:38,34,34,512,512,False,1.0,0,Low
2026-08-16 03:59:48,34,34,512,512,False,1.0,0,Low
2026-08-16 04:43:29,34,34,512,512,False,1.0,0,Low
2026-08-16 05:11:51,34,34,512,512,False,1.0,0,Low
2026-08-16 05:43:34,25,34,696,512,False,0.7353,184,Low
2026-08-16 06:02:16,26,33,670,528,False,0.7879,142,Low
2026-08-16 06:54:22,28,34,622,512,False,0.8235,110,Low
2026-08-16 07:25:20,34,34,512,512,False,1.0,0,Low
2026-08-16 07:53:47,28,35,622,497,False,0.8,125,Low
2026-08-16 08:19:58,24,33,726,528,False,0.7273,198,Low
2026-08-16 08:51:32,29,35,600,497,False,0.8286,103,Low
2026-08-16 09:14:05,29,35,600,497,False,0.8286,103,Low
2026-08-16 09:44:17,26,33,670,528,False,0.7879,142,Low
2026-08-16 10:01:03,25,33,696,528,False,0.7576,168,Low
2026-08-16 10:32:05,34,34,512,512,False,1.0,0,Low
2026-08-16 10:52:47,29,35,600,497,False,0.8286,103,Low
2026-08-16 11:11:19,22,33,792,528,False,0.6667,264,Medium
2026-08-16 11:33:51,30,35,580,497,False,0.8571,83,Low
2026-08-16 11:52:07,29,35,600,497,False,0.8286,103,Low
2026-08-16 12:15:16,26,33,670,528,False,0.7879,142,Low
2026-08-16 13:02:55,25,33,696,528,False,0.7576,168,Low
2026-08-16 13:38:54,24,34,726,512,False,0.7059,214,Low
2026-08-16 13:57:58,26,34,670,512,False,0.7647,158,Low
2026-08-16 14:27:08,25,33,696,528,False,0.7576,168,Low
2026-08-16 14:49:31,34,34,512,512,False,1.0,0,Low
2026-08-16 15:06:53,27,33,645,528,False,0.8182,117,Low
2026-08-16 15:33:10,28,35,622,497,False,0.8,125,Low
2026-08-16 15:52:04,27,34,645,512,False,0.7941,133,Low
2026-08-16 16:10:43,28,34,622,512,False,0.8235,110,Low
2026-08-16 16:41:42,26,33,670,528,False,0.7879,142,Low
2026-08-16 17:00:32,28,33,622,528,False,0.8485,94,Low
2026-08-16 17:27:07,34,34,512,512,False,1.0,0,Low
2026-08-16 17:46:11,34,34,512,512,False,1.0,0,Low
2026-08-16 17:59:16,34,34,512,512,False,1.0,0,Low
2026-08-16 18:38:43,34,34,512,512,False,1.0,0,Low
2026-08-16 19:00:48,34,34,512,512,False,1.0,0,Low
2026-08-16 19:27:42,34,34,512,512,False,1.0,0,Low
2026-08-16 19:45:28,34,34,512,512,False,1.0,0,Low
2026-08-16 19:58:16,34,34,512,512,False,1.0,0,Low
2026-08-16 20:28:08,34,34,512,512,False,1.0,0,Low
2026-08-16 20:49:01,34,34,512,512,False,1.0,0,Low
2026-08-16 21:01:38,34,34,512,512,False,1.0,0,Low
2026-08-16 21:28:54,34,34,512,512,False,1.0,0,Low
2026-08-16 21:47:14,34,34,512,512,False,1.0,0,Low
2026-08-16 21:59:35,34,34,512,512,False,1.0,0,Low
2026-08-16 22:29:24,34,34,512,512,False,1.0,0,Low
2026-08-16 22:49:42,34,34,512,512,False,1.0,0,Low
2026-08-16 23:01:22,34,34,512,512,False,1.0,0,Low
2026-08-16 23:28:38,34,34,512,512,False,1.0,0,Low
2026-08-16 23:47:18,34,34,512,512,False,1.0,0,Low
2026-08-16 23:59:52,34,34,512,512,False,1.0,0,Low
2026-08-17 01:48:40,34,34,512,512,False,1.0,0,Low
2026-08-17 02:47:50,29,34,600,512,False,0.8529,88,Low
2026-08-17 03:35:41,26,33,670,528,False,0.7879,142,Low
2026-08-17 04:23:00,27,34,645,512,False,0.7941,133,Low
2026-08-17 05:05:05,32,35,544,497,False,0.9143,47,Low
2026-08-17 05:46:07,22,33,792,528,False,0.6667,264,Medium
2026-08-17 06:21:50,25,34,696,512,False,0.7353,184,Low
2026-08-17 07:28:48,24,33,726,528,False,0.7273,198,Low
2026-08-17 08:08:26,28,35,622,497,False,0.8,125,Low
2026-08-17 08:58:20,28,35,622,497,False,0.8,125,Low
2026-08-17 09:48:33,28,35,622,497,False,0.8,125,Low
2026-08-17 10:16:40,28,36,622,484,False,0.7778,138,Low
2026-08-17 10:50:55,27,35,645,497,False,0.7714,148,Low
2026-08-17 11:12:26,27,34,645,512,False,0.7941,133,Low
2026-08-17 11:41:45,27,34,645,512,False,0.7941,133,Low
2026-08-17 11:59:33,24,35,726,497,False,0.6857,229,Medium
2026-08-17 12:58:49,22,36,792,484,False,0.6111,308,Medium
2026-08-17 13:43:55,18,35,968,497,False,0.5143,471,Medium
2026-08-17 14:11:06,19,34,917,512,False,0.5588,405,Medium
2026-08-17 14:44:04,22,34,792,512,False,0.6471,280,Medium
2026-08-17 15:04:03,25,35,696,497,False,0.7143,199,Low
2026-08-17 15:35:00,24,33,726,528,False,0.7273,198,Low
2026-08-17 15:55:15,34,34,512,512,False,1.0,0,Low
2026-08-17 16:23:07,25,34,696,512,False,0.7353,184,Low
2026-08-17 16:52:11,34,34,512,512,False,1.0,0,Low
2026-08-17 17:15:55,34,34,512,512,False,1.0,0,Low
2026-08-17 17:47:26,34,34,512,512,False,1.0,0,Low
2026-08-17 18:15:35,34,34,512,512,False,1.0,0,Low
2026-08-17 19:00:40,34,34,512,512,False,1.0,0,Low
2026-08-17 19:34:38,34,34,512,512,False,1.0,0,Low
2026-08-17 19:55:22,34,34,512,512,False,1.0,0,Low
2026-08-17 20:22:45,34,34,512,512,False,1.0,0,Low
2026-08-17 20:50:00,34,34,512,512,False,1.0,0,Low
2026-08-17 21:12:23,34,34,512,512,False,1.0,0,Low
2026-08-17 21:41:56,34,34,512,512,False,1.0,0,Low
2026-08-17 21:59:53,34,34,512,512,False,1.0,0,Low
2026-08-17 22:31:53,34,34,512,512,False,1.0,0,Low
2026-08-17 22:54:02,34,34,512,512,False,1.0,0,Low
2026-08-17 23:16:34,34,34,512,512,False,1.0,0,Low
2026-08-17 23:40:56,34,34,512,512,False,1.0,0,Low
2026-08-17 23:57:55,34,34,512,512,False,1.0,0,Low
2026-08-18 01:25:30,34,34,512,512,False,1.0,0,Low
2026-08-18 02:34:42,28,33,622,528,False,0.8485,94,Low
2026-08-18 03:25:03,27,34,645,512,False,0.7941,133,Low
2026-08-18 04:05:59,26,33,670,528,False,0.7879,142,Low
2026-08-18 04:47:49,25,33,696,528,False,0.7576,168,Low
2026-08-18 05:15:47,30,35,580,497,False,0.8571,83,Low
2026-08-18 05:47:54,30,35,580,497,False,0.8571,83,Low
2026-08-18 06:17:11,26,35,670,497,False,0.7429,173,Low
2026-08-18 07:08:55,28,35,622,497,False,0.8,125,Low
2026-08-18 07:52:04,28,34,622,512,False,0.8235,110,Low
2026-08-18 08:21:00,29,35,600,497,False,0.8286,103,Low
2026-08-18 08:58:45,27,35,645,497,False,0.7714,148,Low
2026-08-18 09:39:12,27,34,645,512,False,0.7941,133,Low
2026-08-18 10:02:17,24,34,726,512,False,0.7059,214,Low
2026-08-18 10:39:34,24,34,726,512,False,0.7059,214,Low
2026-08-18 11:01:05,26,35,670,497,False,0.7429,173,Low
2026-08-18 11:33:23,23,33,757,528,False,0.697,229,Medium
2026-08-18 11:55:24,21,33,829,528,False,0.6364,301,Medium
2026-08-18 12:39:23,21,34,829,512,False,0.6176,317,Medium
2026-08-18 13:28:07,18,34,968,512,False,0.5294,456,Medium
2026-08-18 14:06:55,20,35,871,497,False,0.5714,374,Medium
2026-08-18 14:48:53,23,34,757,512,False,0.6765,245,Medium
2026-08-18 15:16:10,27,35,645,497,False,0.7714,148,Low
2026-08-18 15:49:18,29,35,600,497,False,0.8286,103,Low
2026-08-18 16:14:01,29,35,600,497,False,0.8286,103,Low
2026-08-18 16:50:10,29,34,600,512,False,0.8529,88,Low
2026-08-18 17:14:19,34,34,512,512,False,1.0,0,Low
2026-08-18 17:45:57,34,34,512,512,False,1.0,0,Low
2026-08-18 18:13:00,34,34,512,512,False,1.0,0,Low
2026-08-18 18:57:22,34,34,512,512,False,1.0,0,Low
2026-08-18 19:29:15,34,34,512,512,False,1.0,0,Low
2026-08-18 19:50:27,34,34,512,512,False,1.0,0,Low
2026-08-18 20:07:58,34,34,512,512,False,1.0,0,Low
2026-08-18 20:37:44,34,34,512,512,False,1.0,0,Low
2026-08-18 20:57:58,34,34,512,512,False,1.0,0,Low
2026-08-18 21:28:00,34,34,512,512,False,1.0,0,Low
2026-08-18 21:49:06,34,34,512,512,False,1.0,0,Low
2026-08-18 22:01:39,34,34,512,512,False,1.0,0,Low
2026-08-18 22:34:23,34,34,512,512,False,1.0,0,Low
2026-08-18 22:56:09,34,34,512,512,False,1.0,0,Low
2026-08-18 23:20:32,34,34,512,512,False,1.0,0,Low
2026-08-18 23:41:17,34,34,512,512,False,1.0,0,Low
2026-08-18 23:57:44,34,34,512,512,False,1.0,0,Low
2026-08-19 01:25:36,34,34,512,512,False,1.0,0,Low
2026-08-19 02:37:39,25,34,696,512,False,0.7353,184,Low
2026-08-19 03:28:07,34,34,512,512,False,1.0,0,Low
2026-08-19 04:08:17,25,34,696,512,False,0.7353,184,Low
2026-08-19 04:49:08,27,35,645,497,False,0.7714,148,Low
2026-08-19 05:16:26,29,35,600,497,False,0.8286,103,Low
2026-08-19 05:49:56,27,34,645,512,False,0.7941,133,Low
2026-08-19 06:19:08,29,35,600,497,False,0.8286,103,Low
2026-08-19 07:10:23,31,35,562,497,False,0.8857,65,Low
2026-08-19 07:53:20,26,34,670,512,False,0.7647,158,Low
2026-08-19 08:26:06,27,35,645,497,False,0.7714,148,Low
2026-08-19 09:03:47,30,34,580,512,False,0.8824,68,Low
2026-08-19 09:44:02,25,34,696,512,False,0.7353,184,Low
2026-08-19 10:10:35,27,35,645,497,False,0.7714,148,Low
2026-08-19 10:45:30,26,34,670,512,False,0.7647,158,Low
2026-08-19 11:07:20,22,34,792,512,False,0.6471,280,Medium
2026-08-19 11:36:07,23,34,757,512,False,0.6765,245,Medium
2026-08-19 11:56:57,25,35,696,497,False,0.7143,199,Low
2026-08-19 12:49:34,20,33,871,528,False,0.6061,343,Medium
2026-08-19 13:33:33,17,33,1024,528,False,0.5152,496,Medium
2026-08-19 14:09:18,20,33,871,528,False,0.6061,343,Medium
2026-08-19 14:51:47,21,33,829,528,False,0.6364,301,Medium
2026-08-19 15:18:08,26,35,670,497,False,0.7429,173,Low
2026-08-19 15:50:44,26,34,670,512,False,0.7647,158,Low
2026-08-19 16:14:25,28,33,622,528,False,0.8485,94,Low
2026-08-19 16:48:48,34,34,512,512,False,1.0,0,Low
2026-08-19 17:12:35,34,34,512,512,False,1.0,0,Low
2026-08-19 17:41:39,34,34,512,512,False,1.0,0,Low
2026-08-19 17:59:04,34,34,512,512,False,1.0,0,Low
2026-08-19 18:44:34,34,34,512,512,False,1.0,0,Low
2026-08-19 19:11:26,34,34,512,512,False,1.0,0,Low
2026-08-19 19:39:30,34,34,512,512,False,1.0,0,Low
2026-08-19 19:58:05,34,34,512,512,False,1.0,0,Low
2026-08-19 20:33:05,34,34,512,512,False,1.0,0,Low
2026-08-19 20:57:40,34,34,512,512,False,1.0,0,Low
2026-08-19 21:27:48,34,34,512,512,False,1.0,0,Low
2026-08-19 21:51:56,34,34,512,512,False,1.0,0,Low
2026-08-19 22:11:39,34,34,512,512,False,1.0,0,Low
2026-08-19 22:41:19,34,34,512,512,False,1.0,0,Low
2026-08-19 23:00:40,34,34,512,512,False,1.0,0,Low
2026-08-19 23:30:40,34,34,512,512,False,1.0,0,Low
2026-08-19 23:51:04,34,34,512,512,False,1.0,0,Low
2026-08-20 00:24:38,34,34,512,512,False,1.0,0,Low
2026-08-20 01:57:35,34,34,512,512,False,1.0,0,Low
2026-08-20 02:59:45,27,34,645,512,False,0.7941,133,Low
2026-08-20 03:52:05,30,35,580,497,False,0.8571,83,Low
2026-08-20 04:24:43,27,35,645,497,False,0.7714,148,Low
2026-08-20 05:02:49,29,35,600,497,False,0.8286,103,Low
2026-08-20 05:39:41,26,34,670,512,False,0.7647,158,Low
2026-08-20 06:01:59,27,35,645,497,False,0.7714,148,Low
2026-08-20 06:59:58,26,35,670,497,False,0.7429,173,Low
2026-08-20 07:48:53,30,35,580,497,False,0.8571,83,Low
2026-08-20 08:19:53,25,34,696,512,False,0.7353,184,Low
2026-08-20 09:00:45,25,35,696,497,False,0.7143,199,Low
2026-08-20 09:43:06,26,34,670,512,False,0.7647,158,Low
2026-08-20 10:12:00,25,34,696,512,False,0.7353,184,Low
2026-08-20 10:47:23,22,35,792,497,False,0.6286,295,Medium
2026-08-20 11:11:46,22,33,792,528,False,0.6667,264,Medium
2026-08-20 11:42:44,20,35,871,497,False,0.5714,374,Medium
2026-08-20 12:02:28,20,34,871,512,False,0.5882,359,Medium
2026-08-20 13:05:28,16,36,1089,484,False,0.4444,605,Medium
2026-08-20 13:55:34,17,33,1024,528,False,0.5152,496,Medium
2026-08-20 14:33:27,21,36,829,484,False,0.5833,345,Medium
2026-08-20 15:07:46,26,35,670,497,False,0.7429,173,Low
2026-08-20 15:46:39,23,33,757,528,False,0.697,229,Medium
2026-08-20 16:15:35,27,34,645,512,False,0.7941,133,Low
2026-08-20 16:53:56,30,34,580,512,False,0.8824,68,Low
2026-08-20 17:21:53,34,34,512,512,False,1.0,0,Low
2026-08-20 17:52:21,34,34,512,512,False,1.0,0,Low
2026-08-20 18:21:36,34,34,512,512,False,1.0,0,Low
2026-08-20 19:07:08,34,34,512,512,False,1.0,0,Low
2026-08-20 19:41:51,34,34,512,512,False,1.0,0,Low
2026-08-20 20:02:49,34,34,512,512,False,1.0,0,Low
2026-08-20 20:38:59,34,34,512,512,False,1.0,0,Low
2026-08-20 21:02:36,34,34,512,512,False,1.0,0,Low
2026-08-20 21:37:01,34,34,512,512,False,1.0,0,Low
2026-08-20 21:58:35,34,34,512,512,False,1.0,0,Low
2026-08-20 22:33:09,34,34,512,512,False,1.0,0,Low
2026-08-20 22:58:13,34,34,512,512,False,1.0,0,Low
2026-08-20 23:29:34,34,34,512,512,False,1.0,0,Low
2026-08-20 23:52:12,34,34,512,512,False,1.0,0,Low
2026-08-21 00:36:34,34,34,512,512,False,1.0,0,Low
2026-08-21 02:11:18,34,34,512,512,False,1.0,0,Low
2026-08-21 03:15:43,34,34,512,512,False,1.0,0,Low
2026-08-21 04:04:20,25,33,696,528,False,0.7576,168,Low
2026-08-21 04:50:07,25,33,696,528,False,0.7576,168,Low
2026-08-21 05:19:38,29,35,600,497,False,0.8286,103,Low
2026-08-21 05:52:24,27,33,645,528,False,0.8182,117,Low
2026-08-21 06:26:11,26,34,670,512,False,0.7647,158,Low
2026-08-21 07:23:29,34,34,512,512,False,1.0,0,Low
2026-08-21 08:03:34,34,34,512,512,False,1.0,0,Low
2026-08-21 08:53:23,25,33,696,528,False,0.7576,168,Low
2026-08-21 09:27:37,26,34,670,512,False,0.7647,158,Low
2026-08-21 10:01:06,27,33,645,528,False,0.8182,117,Low
2026-08-21 10:38:49,27,34,645,512,False,0.7941,133,Low
2026-08-21 11:02:17,26,33,670,528,False,0.7879,142,Low
2026-08-21 11:35:01,26,35,670,497,False,0.7429,173,Low
2026-08-21 11:57:23,27,35,645,497,False,0.7714,148,Low
2026-08-21 12:52:37,24,35,726,497,False,0.6857,229,Medium
2026-08-21 13:36:52,23,34,757,512,False,0.6765,245,Medium
2026-08-21 14:17:09,25,35,696,497,False,0.7143,199,Low
2026-08-21 14:56:37,22,34,792,512,False,0.6471,280,Medium
2026-08-21 15:33:25,27,33,645,528,False,0.8182,117,Low
2026-08-21 16:01:39,27,33,645,528,False,0.8182,117,Low
2026-08-21 16:45:05,34,34,512,512,False,1.0,0,Low
2026-08-21 17:13:23,34,34,512,512,False,1.0,0,Low
2026-08-21 17:47:04,34,34,512,512,False,1.0,0,Low
2026-08-21 18:15:08,34,34,512,512,False,1.0,0,Low
2026-08-21 18:59:09,34,34,512,512,False,1.0,0,Low
2026-08-21 19:30:42,34,34,512,512,False,1.0,0,Low
2026-08-21 19:50:10,34,34,512,512,False,1.0,0,Low
2026-08-21 20:09:05,34,34,512,512,False,1.0,0,Low
2026-08-21 20:39:00,34,34,512,512,False,1.0,0,Low
2026-08-21 20:58:52,34,34,512,512,False,1.0,0,Low
2026-08-21 21:30:39,34,34,512,512,False,1.0,0,Low
2026-08-21 21:52:32,34,34,512,512,False,1.0,0,Low
2026-08-21 22:12:21,34,34,512,512,False,1.0,0,Low
2026-08-21 22:42:06,34,34,512,512,False,1.0,0,Low
2026-08-21 23:01:01,34,34,512,512,False,1.0,0,Low
2026-08-21 23:31:45,34,34,512,512,False,1.0,0,Low
2026-08-21 23:52:26,34,34,512,512,False,1.0,0,Low
2026-08-22 00:36:28,34,34,512,512,False,1.0,0,Low
2026-08-22 02:03:26,34,34,512,512,False,1.0,0,Low
2026-08-22 03:03:14,34,34,512,512,False,1.0,0,Low
2026-08-22 03:50:53,27,34,645,512,False,0.7941,133,Low
2026-08-22 04:18:39,34,34,512,512,False,1.0,0,Low
2026-08-22 04:53:49,34,34,512,512,False,1.0,0,Low
2026-08-22 05:19:59,28,35,622,497,False,0.8,125,Low
2026-08-22 05:47:58,27,34,645,512,False,0.7941,133,Low
2026-08-22 06:14:10,27,33,645,528,False,0.8182,117,Low
2026-08-22 07:01:10,31,36,562,484,False,0.8611,78,Low
2026-08-22 07:38:09,26,35,670,497,False,0.7429,173,Low
2026-08-22 07:58:56,34,34,512,512,False,1.0,0,Low
2026-08-22 08:37:44,29,35,600,497,False,0.8286,103,Low
2026-08-22 09:02:09,25,33,696,528,False,0.7576,168,Low
2026-08-22 09:36:06,21,34,829,512,False,0.6176,317,Medium
2026-08-22 09:55:45,22,34,792,512,False,0.6471,280,Medium
2026-08-22 10:21:00,25,34,696,512,False,0.7353,184,Low
2026-08-22 10:44:51,29,35,600,497,False,0.8286,103,Low
2026-08-22 11:01:10,27,35,645,497,False,0.7714,148,Low
2026-08-22 11:29:02,29,35,600,497,False,0.8286,103,Low
2026-08-22 11:48:25,27,35,645,497,False,0.7714,148,Low
2026-08-22 12:01:12,26,35,670,497,False,0.7429,173,Low
2026-08-22 12:54:50,24,35,726,497,False,0.6857,229,Medium
2026-08-22 13:27:58,24,36,726,484,False,0.6667,242,Medium
2026-08-22 13:53:16,25,35,696,497,False,0.7143,199,Low
2026-08-22 14:12:37,26,34,670,512,False,0.7647,158,Low
2026-08-22 14:39:29,25,35,696,497,False,0.7143,199,Low
2026-08-22 14:57:40,29,35,600,497,False,0.8286,103,Low
2026-08-22 15:24:39,28,34,622,512,False,0.8235,110,Low
2026-08-22 15:44:07,34,34,512,512,False,1.0,0,Low
2026-08-22 15:58:43,28,34,622,512,False,0.8235,110,Low
2026-08-22 16:31:33,28,33,622,528,False,0.8485,94,Low
2026-08-22 16:54:00,34,34,512,512,False,1.0,0,Low
2026-08-22 17:14:24,28,33,622,528,False,0.8485,94,Low
2026-08-22 17:39:02,34,34,512,512,False,1.0,0,Low
2026-08-22 17:56:46,34,34,512,512,False,1.0,0,Low
2026-08-22 18:31:19,34,34,512,512,False,1.0,0,Low
2026-08-22 19:00:36,34,34,512,512,False,1.0,0,Low
2026-08-22 19:28:59,34,34,512,512,False,1.0,0,Low
2026-08-22 19:47:33,34,34,512,512,False,1.0,0,Low
2026-08-22 20:00:37,34,34,512,512,False,1.0,0,Low
2026-08-22 20:32:42,34,34,512,512,False,1.0,0,Low
2026-08-22 20:53:50,34,34,512,512,False,1.0,0,Low
2026-08-22 21:14:34,34,34,512,512,False,1.0,0,Low
2026-08-22 21:38:55,34,34,512,512,False,1.0,0,Low
2026-08-22 21:56:12,34,34,512,512,False,1.0,0,Low
2026-08-22 22:20:25,34,34,512,512,False,1.0,0,Low
2026-08-22 22:42:52,34,34,512,512,False,1.0,0,Low
2026-08-22 22:59:29,34,34,512,512,False,1.0,0,Low
2026-08-22 23:27:43,34,34,512,512,False,1.0,0,Low
2026-08-22 23:47:08,34,34,512,512,False,1.0,0,Low
2026-08-23 00:00:21,34,34,512,512,False,1.0,0,Low
2026-08-23 01:53:19,34,34,512,512,False,1.0,0,Low
2026-08-23 02:54:59,34,34,512,512,False,1.0,0,Low
2026-08-23 03:46:32,34,34,512,512,False,1.0,0,Low
2026-08-23 04:23:31,34,34,512,512,False,1.0,0,Low
2026-08-23 04:59:32,34,34,512,512,False,1.0,0,Low
2026-08-23 05:36:26,25,33,696,528,False,0.7576,168,Low
2026-08-23 05:59:27,27,34,645,512,False,0.7941,133,Low
2026-08-23 06:53:34,26,33,670,528,False,0.7879,142,Low
2026-08-23 07:26:35,26,33,670,528,False,0.7879,142,Low
2026-08-23 07:56:21,34,34,512,512,False,1.0,0,Low
2026-08-23 08:29:40,29,35,600,497,False,0.8286,103,Low
2026-08-23 08:59:06,28,34,622,512,False,0.8235,110,Low
2026-08-23 09:34:42,34,34,512,512,False,1.0,0,Low
2026-08-23 09:55:43,34,34,512,512,False,1.0,0,Low
2026-08-23 10:21:09,26,33,670,528,False,0.7879,142,Low
2026-08-23 10:45:19,25,34,696,512,False,0.7353,184,Low
2026-08-23 11:02:34,24,33,726,528,False,0.7273,198,Low
2026-08-23 11:30:05,24,33,726,528,False,0.7273,198,Low
2026-08-23 11:49:41,27,34,645,512,False,0.7941,133,Low
2026-08-23 12:10:44,30,35,580,497,False,0.8571,83,Low
2026-08-23 13:01:26,26,33,670,528,False,0.7879,142,Low
2026-08-23 13:39:05,24,33,726,528,False,0.7273,198,Low
2026-08-23 13:58:15,34,34,512,512,False,1.0,0,Low
2026-08-23 14:27:42,25,33,696,528,False,0.7576,168,Low
2026-08-23 14:51:24,27,33,645,528,False,0.8182,117,Low
2026-08-23 15:08:52,34,34,512,512,False,1.0,0,Low
2026-08-23 15:34:47,27,34,645,512,False,0.7941,133,Low
2026-08-23 15:54:06,24,34,726,512,False,0.7059,214,Low
2026-08-23 16:17:30,28,33,622,528,False,0.8485,94,Low
2026-08-23 16:45:54,34,34,512,512,False,1.0,0,Low
2026-08-23 17:03:48,34,34,512,512,False,1.0,0,Low
2026-08-23 17:30:22,34,34,512,512,False,1.0,0,Low
2026-08-23 17:49:47,34,34,512,512,False,1.0,0,Low
2026-08-23 18:01:13,34,34,512,512,False,1.0,0,Low
2026-08-23 18:41:22,34,34,512,512,False,1.0,0,Low
2026-08-23 19:03:39,34,34,512,512,False,1.0,0,Low
2026-08-23 19:29:59,34,34,512,512,False,1.0,0,Low
2026-08-23 19:48:02,34,34,512,512,False,1.0,0,Low
2026-08-23 20:00:27,34,34,512,512,False,1.0,0,Low
2026-08-23 20:32:33,34,34,512,512,False,1.0,0,Low
2026-08-23 20:53:52,34,34,512,512,False,1.0,0,Low
2026-08-23 21:14:15,34,34,512,512,False,1.0,0,Low
2026-08-23 21:38:11,34,34,512,512,False,1.0,0,Low
2026-08-23 21:55:32,34,34,512,512,False,1.0,0,Low
2026-08-23 22:18:36,34,34,512,512,False,1.0,0,Low
2026-08-23 22:42:27,34,34,512,512,False,1.0,0,Low
2026-08-23 22:58:45,34,34,512,512,False,1.0,0,Low
2026-08-23 23:27:05,34,34,512,512,False,1.0,0,Low
2026-08-23 23:46:30,34,34,512,512,False,1.0,0,Low
2026-08-24 00:00:27,34,34,512,512,False,1.0,0,Low
2026-08-24 01:50:52,34,34,512,512,False,1.0,0,Low
2026-08-24 02:52:04,28,33,622,528,False,0.8485,94,Low
2026-08-24 03:42:51,27,34,645,512,False,0.7941,133,Low
2026-08-24 04:29:27,25,34,696,512,False,0.7353,184,Low
2026-08-24 05:20:19,34,34,512,512,False,1.0,0,Low
2026-08-24 05:58:11,24,33,726,528,False,0.7273,198,Low
2026-08-24 07:07:19,27,35,645,497,False,0.7714,148,Low
2026-08-24 08:02:37,27,34,645,512,False,0.7941,133,Low
2026-08-24 08:58:37,28,36,622,484,False,0.7778,138,Low
2026-08-24 09:54:30,27,35,645,497,False,0.7714,148,Low
2026-08-24 10:32:09,28,35,622,497,False,0.8,125,Low
2026-08-24 11:03:55,27,35,645,497,False,0.7714,148,Low
2026-08-24 11:38:41,21,34,829,512,False,0.6176,317,Medium
2026-08-24 11:59:56,22,33,792,528,False,0.6667,264,Medium
2026-08-24 13:05:04,18,36,968,484,False,0.5,484,Medium
2026-08-24 13:58:29,20,35,871,497,False,0.5714,374,Medium
2026-08-24 14:48:09,19,35,917,497,False,0.5429,420,Medium
2026-08-24 15:24:27,20,34,871,512,False,0.5882,359,Medium
2026-08-24 16:02:55,26,34,670,512,False,0.7647,158,Low
2026-08-24 16:50:13,34,34,512,512,False,1.0,0,Low
2026-08-24 17:18:54,34,34,512,512,False,1.0,0,Low
2026-08-24 17:51:31,34,34,512,512,False,1.0,0,Low
2026-08-24 18:19:38,34,34,512,512,False,1.0,0,Low
2026-08-24 19:06:02,34,34,512,512,False,1.0,0,Low
2026-08-24 19:39:28,34,34,512,512,False,1.0,0,Low
2026-08-24 20:01:39,34,34,512,512,False,1.0,0,Low
2026-08-24 20:40:32,34,34,512,512,False,1.0,0,Low
2026-08-24 21:04:41,34,34,512,512,False,1.0,0,Low
2026-08-24 21:39:13,34,34,512,512,False,1.0,0,Low
2026-08-24 21:59:56,34,34,512,512,False,1.0,0,Low
2026-08-24 22:35:35,34,34,512,512,False,1.0,0,Low
2026-08-24 22:58:09,34,34,512,512,False,1.0,0,Low
2026-08-24 23:26:02,34,34,512,512,False,1.0,0,Low
2026-08-24 23:46:04,34,34,512,512,False,1.0,0,Low
2026-08-25 00:01:37,34,34,512,512,False,1.0,0,Low
2026-08-25 01:46:00,34,34,512,512,False,1.0,0,Low
2026-08-25 02:45:33,30,35,580,497,False,0.8571,83,Low
2026-08-25 03:34:22,23,34,757,512,False,0.6765,245,Medium
2026-08-25 04:19:42,25,33,696,528,False,0.7576,168,Low
2026-08-25 04:59:07,26,33,670,528,False,0.7879,142,Low
2026-08-25 05:38:02,29,35,600,497,False,0.8286,103,Low
2026-08-25 06:02:42,30,36,580,484,False,0.8333,96,Low
2026-08-25 07:02:48,28,34,622,512,False,0.8235,110,Low
2026-08-25 07:52:46,29,35,600,497,False,0.8286,103,Low
2026-08-25 08:30:11,29,34,600,512,False,0.8529,88,Low
2026-08-25 09:10:01,29,35,600,497,False,0.8286,103,Low
2026-08-25 09:50:13,26,34,670,512,False,0.7647,158,Low
2026-08-25 10:17:10,24,35,726,497,False,0.6857,229,Medium
2026-08-25 10:53:52,28,34,622,512,False,0.8235,110,Low
2026-08-25 11:20:40,21,34,829,512,False,0.6176,317,Medium
2026-08-25 11:49:21,22,34,792,512,False,0.6471,280,Medium
2026-08-25 12:17:33,20,33,871,528,False,0.6061,343,Medium
2026-08-25 13:16:02,17,35,1024,497,False,0.4857,527,Medium
2026-08-25 14:07:41,14,35,1244,497,False,0.4,747,Medium
2026-08-25 15:01:27,21,35,829,497,False,0.6,332,Medium
2026-08-25 15:52:54,23,34,757,512,False,0.6765,245,Medium
2026-08-25 16:24:51,29,35,600,497,False,0.8286,103,Low
2026-08-25 17:04:07,33,35,528,497,False,0.9429,31,Low
2026-08-25 17:40:31,34,34,512,512,False,1.0,0,Low
2026-08-25 18:02:46,34,34,512,512,False,1.0,0,Low
2026-08-25 18:52:15,34,34,512,512,False,1.0,0,Low
2026-08-25 19:21:50,34,34,512,512,False,1.0,0,Low
2026-08-25 19:51:25,34,34,512,512,False,1.0,0,Low
2026-08-25 20:12:56,34,34,512,512,False,1.0,0,Low
2026-08-25 20:47:10,34,34,512,512,False,1.0,0,Low
2026-08-25 21:11:54,34,34,512,512,False,1.0,0,Low
2026-08-25 21:43:59,34,34,512,512,False,1.0,0,Low
2026-08-25 22:01:45,34,34,512,512,False,1.0,0,Low
2026-08-25 22:37:15,34,34,512,512,False,1.0,0,Low
2026-08-25 23:00:23,34,34,512,512,False,1.0,0,Low
2026-08-25 23:31:53,34,34,512,512,False,1.0,0,Low
2026-08-25 23:52:59,34,34,512,512,False,1.0,0,Low
2026-08-26 00:43:01,34,34,512,512,False,1.0,0,Low
2026-08-26 02:14:04,34,34,512,512,False,1.0,0,Low
2026-08-26 03:26:45,34,34,512,512,False,1.0,0,Low
2026-08-26 04:09:54,26,33,670,528,False,0.7879,142,Low
2026-08-26 04:54:35,32,35,544,497,False,0.9143,47,Low
2026-08-26 05:29:14,26,34,670,512,False,0.7647,158,Low
2026-08-26 06:01:43,27,35,645,497,False,0.7714,148,Low
2026-08-26 07:02:41,26,34,670,512,False,0.7647,158,Low
2026-08-26 07:53:45,25,35,696,497,False,0.7143,199,Low
2026-08-26 08:34:11,26,35,670,497,False,0.7429,173,Low
2026-08-26 09:22:26,27,34,645,512,False,0.7941,133,Low
2026-08-26 10:03:24,26,34,670,512,False,0.7647,158,Low
2026-08-26 10:47:00,30,35,580,497,False,0.8571,83,Low
2026-08-26 11:14:39,26,35,670,497,False,0.7429,173,Low
2026-08-26 11:47:26,28,35,622,497,False,0.8,125,Low
2026-08-26 12:19:15,24,35,726,497,False,0.6857,229,Medium
2026-08-26 13:28:20,22,34,792,512,False,0.6471,280,Medium
2026-08-26 14:13:02,24,35,726,497,False,0.6857,229,Medium
2026-08-26 15:54:00,23,33,757,528,False,0.697,229,Medium
2026-08-26 16:42:07,30,35,580,497,False,0.8571,83,Low
2026-08-26 18:24:50,34,34,512,512,False,1.0,0,Low
2026-08-26 20:30:03,34,34,512,512,False,1.0,0,Low
2026-08-27 00:00:50,34,34,512,512,False,1.0,0,Low
2026-08-27 09:26:04,26,35,670,497,False,0.7429,173,Low
2026-08-27 19:55:22,34,34,512,512,False,1.0,0,Low
2026-08-28 04:01:17,25,33,696,528,False,0.7576,168,Low
2026-08-28 16:32:04,27,34,645,512,False,0.7941,133,Low
